min_child_weight,nthread,n_estimators,max_depth,learning_rate,max_delta_step,subsample,colsample_bytree,lambda,alpha,scale_pos_weight
0.0,0.0,0.0,0.0,0.0,0.0,0.0,0.0,0.0,0.0,0.0
0.0,0.0,0.0,0.0,0.0,0.0,0.0,0.0,0.0,0.0,1.0
0.0,0.0,0.0,0.0,0.0,0.0,0.0,0.0,0.0,1.0,0.0
0.0,0.0,0.0,0.0,0.0,0.0,0.0,0.0,0.0,1.0,1.0
0.0,0.0,0.0,0.0,0.0,0.0,0.0,0.0,1.0,0.0,0.0
0.0,0.0,0.0,0.0,0.0,0.0,0.0,0.0,1.0,0.0,1.0
0.0,0.0,0.0,0.0,0.0,0.0,0.0,0.0,1.0,1.0,0.0
0.0,0.0,0.0,0.0,0.0,0.0,0.0,0.0,1.0,1.0,1.0
0.0,0.0,0.0,0.0,0.0,0.0,0.0,1.0,0.0,0.0,0.0
0.0,0.0,0.0,0.0,0.0,0.0,0.0,1.0,0.0,0.0,1.0
0.0,0.0,0.0,0.0,0.0,0.0,0.0,1.0,0.0,1.0,0.0
0.0,0.0,0.0,0.0,0.0,0.0,0.0,1.0,0.0,1.0,1.0
0.0,0.0,0.0,0.0,0.0,0.0,0.0,1.0,1.0,0.0,0.0
0.0,0.0,0.0,0.0,0.0,0.0,0.0,1.0,1.0,0.0,1.0
0.0,0.0,0.0,0.0,0.0,0.0,0.0,1.0,1.0,1.0,0.0
0.0,0.0,0.0,0.0,0.0,0.0,0.0,1.0,1.0,1.0,1.0
0.0,0.0,0.0,0.0,0.0,0.0,1.0,0.0,0.0,0.0,0.0
0.0,0.0,0.0,0.0,0.0,0.0,1.0,0.0,0.0,0.0,1.0
0.0,0.0,0.0,0.0,0.0,0.0,1.0,0.0,0.0,1.0,0.0
0.0,0.0,0.0,0.0,0.0,0.0,1.0,0.0,0.0,1.0,1.0
0.0,0.0,0.0,0.0,0.0,0.0,1.0,0.0,1.0,0.0,0.0
0.0,0.0,0.0,0.0,0.0,0.0,1.0,0.0,1.0,0.0,1.0
0.0,0.0,0.0,0.0,0.0,0.0,1.0,0.0,1.0,1.0,0.0
0.0,0.0,0.0,0.0,0.0,0.0,1.0,0.0,1.0,1.0,1.0
0.0,0.0,0.0,0.0,0.0,0.0,1.0,1.0,0.0,0.0,0.0
0.0,0.0,0.0,0.0,0.0,0.0,1.0,1.0,0.0,0.0,1.0
0.0,0.0,0.0,0.0,0.0,0.0,1.0,1.0,0.0,1.0,0.0
0.0,0.0,0.0,0.0,0.0,0.0,1.0,1.0,0.0,1.0,1.0
0.0,0.0,0.0,0.0,0.0,0.0,1.0,1.0,1.0,0.0,0.0
0.0,0.0,0.0,0.0,0.0,0.0,1.0,1.0,1.0,0.0,1.0
0.0,0.0,0.0,0.0,0.0,0.0,1.0,1.0,1.0,1.0,0.0
0.0,0.0,0.0,0.0,0.0,0.0,1.0,1.0,1.0,1.0,1.0
0.0,0.0,0.0,0.0,0.0,1.0,0.0,0.0,0.0,0.0,0.0
0.0,0.0,0.0,0.0,0.0,1.0,0.0,0.0,0.0,0.0,1.0
0.0,0.0,0.0,0.0,0.0,1.0,0.0,0.0,0.0,1.0,0.0
0.0,0.0,0.0,0.0,0.0,1.0,0.0,0.0,0.0,1.0,1.0
0.0,0.0,0.0,0.0,0.0,1.0,0.0,0.0,1.0,0.0,0.0
0.0,0.0,0.0,0.0,0.0,1.0,0.0,0.0,1.0,0.0,1.0
0.0,0.0,0.0,0.0,0.0,1.0,0.0,0.0,1.0,1.0,0.0
0.0,0.0,0.0,0.0,0.0,1.0,0.0,0.0,1.0,1.0,1.0
0.0,0.0,0.0,0.0,0.0,1.0,0.0,1.0,0.0,0.0,0.0
0.0,0.0,0.0,0.0,0.0,1.0,0.0,1.0,0.0,0.0,1.0
0.0,0.0,0.0,0.0,0.0,1.0,0.0,1.0,0.0,1.0,0.0
0.0,0.0,0.0,0.0,0.0,1.0,0.0,1.0,0.0,1.0,1.0
0.0,0.0,0.0,0.0,0.0,1.0,0.0,1.0,1.0,0.0,0.0
0.0,0.0,0.0,0.0,0.0,1.0,0.0,1.0,1.0,0.0,1.0
0.0,0.0,0.0,0.0,0.0,1.0,0.0,1.0,1.0,1.0,0.0
0.0,0.0,0.0,0.0,0.0,1.0,0.0,1.0,1.0,1.0,1.0
0.0,0.0,0.0,0.0,0.0,1.0,1.0,0.0,0.0,0.0,0.0
0.0,0.0,0.0,0.0,0.0,1.0,1.0,0.0,0.0,0.0,1.0
0.0,0.0,0.0,0.0,0.0,1.0,1.0,0.0,0.0,1.0,0.0
0.0,0.0,0.0,0.0,0.0,1.0,1.0,0.0,0.0,1.0,1.0
0.0,0.0,0.0,0.0,0.0,1.0,1.0,0.0,1.0,0.0,0.0
0.0,0.0,0.0,0.0,0.0,1.0,1.0,0.0,1.0,0.0,1.0
0.0,0.0,0.0,0.0,0.0,1.0,1.0,0.0,1.0,1.0,0.0
0.0,0.0,0.0,0.0,0.0,1.0,1.0,0.0,1.0,1.0,1.0
0.0,0.0,0.0,0.0,0.0,1.0,1.0,1.0,0.0,0.0,0.0
0.0,0.0,0.0,0.0,0.0,1.0,1.0,1.0,0.0,0.0,1.0
0.0,0.0,0.0,0.0,0.0,1.0,1.0,1.0,0.0,1.0,0.0
0.0,0.0,0.0,0.0,0.0,1.0,1.0,1.0,0.0,1.0,1.0
0.0,0.0,0.0,0.0,0.0,1.0,1.0,1.0,1.0,0.0,0.0
0.0,0.0,0.0,0.0,0.0,1.0,1.0,1.0,1.0,0.0,1.0
0.0,0.0,0.0,0.0,0.0,1.0,1.0,1.0,1.0,1.0,0.0
0.0,0.0,0.0,0.0,0.0,1.0,1.0,1.0,1.0,1.0,1.0
0.0,0.0,0.0,0.0,1.0,0.0,0.0,0.0,0.0,0.0,0.0
0.0,0.0,0.0,0.0,1.0,0.0,0.0,0.0,0.0,0.0,1.0
0.0,0.0,0.0,0.0,1.0,0.0,0.0,0.0,0.0,1.0,0.0
0.0,0.0,0.0,0.0,1.0,0.0,0.0,0.0,0.0,1.0,1.0
0.0,0.0,0.0,0.0,1.0,0.0,0.0,0.0,1.0,0.0,0.0
0.0,0.0,0.0,0.0,1.0,0.0,0.0,0.0,1.0,0.0,1.0
0.0,0.0,0.0,0.0,1.0,0.0,0.0,0.0,1.0,1.0,0.0
0.0,0.0,0.0,0.0,1.0,0.0,0.0,0.0,1.0,1.0,1.0
0.0,0.0,0.0,0.0,1.0,0.0,0.0,1.0,0.0,0.0,0.0
0.0,0.0,0.0,0.0,1.0,0.0,0.0,1.0,0.0,0.0,1.0
0.0,0.0,0.0,0.0,1.0,0.0,0.0,1.0,0.0,1.0,0.0
0.0,0.0,0.0,0.0,1.0,0.0,0.0,1.0,0.0,1.0,1.0
0.0,0.0,0.0,0.0,1.0,0.0,0.0,1.0,1.0,0.0,0.0
0.0,0.0,0.0,0.0,1.0,0.0,0.0,1.0,1.0,0.0,1.0
0.0,0.0,0.0,0.0,1.0,0.0,0.0,1.0,1.0,1.0,0.0
0.0,0.0,0.0,0.0,1.0,0.0,0.0,1.0,1.0,1.0,1.0
0.0,0.0,0.0,0.0,1.0,0.0,1.0,0.0,0.0,0.0,0.0
0.0,0.0,0.0,0.0,1.0,0.0,1.0,0.0,0.0,0.0,1.0
0.0,0.0,0.0,0.0,1.0,0.0,1.0,0.0,0.0,1.0,0.0
0.0,0.0,0.0,0.0,1.0,0.0,1.0,0.0,0.0,1.0,1.0
0.0,0.0,0.0,0.0,1.0,0.0,1.0,0.0,1.0,0.0,0.0
0.0,0.0,0.0,0.0,1.0,0.0,1.0,0.0,1.0,0.0,1.0
0.0,0.0,0.0,0.0,1.0,0.0,1.0,0.0,1.0,1.0,0.0
0.0,0.0,0.0,0.0,1.0,0.0,1.0,0.0,1.0,1.0,1.0
0.0,0.0,0.0,0.0,1.0,0.0,1.0,1.0,0.0,0.0,0.0
0.0,0.0,0.0,0.0,1.0,0.0,1.0,1.0,0.0,0.0,1.0
0.0,0.0,0.0,0.0,1.0,0.0,1.0,1.0,0.0,1.0,0.0
0.0,0.0,0.0,0.0,1.0,0.0,1.0,1.0,0.0,1.0,1.0
0.0,0.0,0.0,0.0,1.0,0.0,1.0,1.0,1.0,0.0,0.0
0.0,0.0,0.0,0.0,1.0,0.0,1.0,1.0,1.0,0.0,1.0
0.0,0.0,0.0,0.0,1.0,0.0,1.0,1.0,1.0,1.0,0.0
0.0,0.0,0.0,0.0,1.0,0.0,1.0,1.0,1.0,1.0,1.0
0.0,0.0,0.0,0.0,1.0,1.0,0.0,0.0,0.0,0.0,0.0
0.0,0.0,0.0,0.0,1.0,1.0,0.0,0.0,0.0,0.0,1.0
0.0,0.0,0.0,0.0,1.0,1.0,0.0,0.0,0.0,1.0,0.0
0.0,0.0,0.0,0.0,1.0,1.0,0.0,0.0,0.0,1.0,1.0
0.0,0.0,0.0,0.0,1.0,1.0,0.0,0.0,1.0,0.0,0.0
0.0,0.0,0.0,0.0,1.0,1.0,0.0,0.0,1.0,0.0,1.0
0.0,0.0,0.0,0.0,1.0,1.0,0.0,0.0,1.0,1.0,0.0
0.0,0.0,0.0,0.0,1.0,1.0,0.0,0.0,1.0,1.0,1.0
0.0,0.0,0.0,0.0,1.0,1.0,0.0,1.0,0.0,0.0,0.0
0.0,0.0,0.0,0.0,1.0,1.0,0.0,1.0,0.0,0.0,1.0
0.0,0.0,0.0,0.0,1.0,1.0,0.0,1.0,0.0,1.0,0.0
0.0,0.0,0.0,0.0,1.0,1.0,0.0,1.0,0.0,1.0,1.0
0.0,0.0,0.0,0.0,1.0,1.0,0.0,1.0,1.0,0.0,0.0
0.0,0.0,0.0,0.0,1.0,1.0,0.0,1.0,1.0,0.0,1.0
0.0,0.0,0.0,0.0,1.0,1.0,0.0,1.0,1.0,1.0,0.0
0.0,0.0,0.0,0.0,1.0,1.0,0.0,1.0,1.0,1.0,1.0
0.0,0.0,0.0,0.0,1.0,1.0,1.0,0.0,0.0,0.0,0.0
0.0,0.0,0.0,0.0,1.0,1.0,1.0,0.0,0.0,0.0,1.0
0.0,0.0,0.0,0.0,1.0,1.0,1.0,0.0,0.0,1.0,0.0
0.0,0.0,0.0,0.0,1.0,1.0,1.0,0.0,0.0,1.0,1.0
0.0,0.0,0.0,0.0,1.0,1.0,1.0,0.0,1.0,0.0,0.0
0.0,0.0,0.0,0.0,1.0,1.0,1.0,0.0,1.0,0.0,1.0
0.0,0.0,0.0,0.0,1.0,1.0,1.0,0.0,1.0,1.0,0.0
0.0,0.0,0.0,0.0,1.0,1.0,1.0,0.0,1.0,1.0,1.0
0.0,0.0,0.0,0.0,1.0,1.0,1.0,1.0,0.0,0.0,0.0
0.0,0.0,0.0,0.0,1.0,1.0,1.0,1.0,0.0,0.0,1.0
0.0,0.0,0.0,0.0,1.0,1.0,1.0,1.0,0.0,1.0,0.0
0.0,0.0,0.0,0.0,1.0,1.0,1.0,1.0,0.0,1.0,1.0
0.0,0.0,0.0,0.0,1.0,1.0,1.0,1.0,1.0,0.0,0.0
0.0,0.0,0.0,0.0,1.0,1.0,1.0,1.0,1.0,0.0,1.0
0.0,0.0,0.0,0.0,1.0,1.0,1.0,1.0,1.0,1.0,0.0
0.0,0.0,0.0,0.0,1.0,1.0,1.0,1.0,1.0,1.0,1.0
0.0,0.0,0.0,1.0,0.0,0.0,0.0,0.0,0.0,0.0,0.0
0.0,0.0,0.0,1.0,0.0,0.0,0.0,0.0,0.0,0.0,1.0
0.0,0.0,0.0,1.0,0.0,0.0,0.0,0.0,0.0,1.0,0.0
0.0,0.0,0.0,1.0,0.0,0.0,0.0,0.0,0.0,1.0,1.0
0.0,0.0,0.0,1.0,0.0,0.0,0.0,0.0,1.0,0.0,0.0
0.0,0.0,0.0,1.0,0.0,0.0,0.0,0.0,1.0,0.0,1.0
0.0,0.0,0.0,1.0,0.0,0.0,0.0,0.0,1.0,1.0,0.0
0.0,0.0,0.0,1.0,0.0,0.0,0.0,0.0,1.0,1.0,1.0
0.0,0.0,0.0,1.0,0.0,0.0,0.0,1.0,0.0,0.0,0.0
0.0,0.0,0.0,1.0,0.0,0.0,0.0,1.0,0.0,0.0,1.0
0.0,0.0,0.0,1.0,0.0,0.0,0.0,1.0,0.0,1.0,0.0
0.0,0.0,0.0,1.0,0.0,0.0,0.0,1.0,0.0,1.0,1.0
0.0,0.0,0.0,1.0,0.0,0.0,0.0,1.0,1.0,0.0,0.0
0.0,0.0,0.0,1.0,0.0,0.0,0.0,1.0,1.0,0.0,1.0
0.0,0.0,0.0,1.0,0.0,0.0,0.0,1.0,1.0,1.0,0.0
0.0,0.0,0.0,1.0,0.0,0.0,0.0,1.0,1.0,1.0,1.0
0.0,0.0,0.0,1.0,0.0,0.0,1.0,0.0,0.0,0.0,0.0
0.0,0.0,0.0,1.0,0.0,0.0,1.0,0.0,0.0,0.0,1.0
0.0,0.0,0.0,1.0,0.0,0.0,1.0,0.0,0.0,1.0,0.0
0.0,0.0,0.0,1.0,0.0,0.0,1.0,0.0,0.0,1.0,1.0
0.0,0.0,0.0,1.0,0.0,0.0,1.0,0.0,1.0,0.0,0.0
0.0,0.0,0.0,1.0,0.0,0.0,1.0,0.0,1.0,0.0,1.0
0.0,0.0,0.0,1.0,0.0,0.0,1.0,0.0,1.0,1.0,0.0
0.0,0.0,0.0,1.0,0.0,0.0,1.0,0.0,1.0,1.0,1.0
0.0,0.0,0.0,1.0,0.0,0.0,1.0,1.0,0.0,0.0,0.0
0.0,0.0,0.0,1.0,0.0,0.0,1.0,1.0,0.0,0.0,1.0
0.0,0.0,0.0,1.0,0.0,0.0,1.0,1.0,0.0,1.0,0.0
0.0,0.0,0.0,1.0,0.0,0.0,1.0,1.0,0.0,1.0,1.0
0.0,0.0,0.0,1.0,0.0,0.0,1.0,1.0,1.0,0.0,0.0
0.0,0.0,0.0,1.0,0.0,0.0,1.0,1.0,1.0,0.0,1.0
0.0,0.0,0.0,1.0,0.0,0.0,1.0,1.0,1.0,1.0,0.0
0.0,0.0,0.0,1.0,0.0,0.0,1.0,1.0,1.0,1.0,1.0
0.0,0.0,0.0,1.0,0.0,1.0,0.0,0.0,0.0,0.0,0.0
0.0,0.0,0.0,1.0,0.0,1.0,0.0,0.0,0.0,0.0,1.0
0.0,0.0,0.0,1.0,0.0,1.0,0.0,0.0,0.0,1.0,0.0
0.0,0.0,0.0,1.0,0.0,1.0,0.0,0.0,0.0,1.0,1.0
0.0,0.0,0.0,1.0,0.0,1.0,0.0,0.0,1.0,0.0,0.0
0.0,0.0,0.0,1.0,0.0,1.0,0.0,0.0,1.0,0.0,1.0
0.0,0.0,0.0,1.0,0.0,1.0,0.0,0.0,1.0,1.0,0.0
0.0,0.0,0.0,1.0,0.0,1.0,0.0,0.0,1.0,1.0,1.0
0.0,0.0,0.0,1.0,0.0,1.0,0.0,1.0,0.0,0.0,0.0
0.0,0.0,0.0,1.0,0.0,1.0,0.0,1.0,0.0,0.0,1.0
0.0,0.0,0.0,1.0,0.0,1.0,0.0,1.0,0.0,1.0,0.0
0.0,0.0,0.0,1.0,0.0,1.0,0.0,1.0,0.0,1.0,1.0
0.0,0.0,0.0,1.0,0.0,1.0,0.0,1.0,1.0,0.0,0.0
0.0,0.0,0.0,1.0,0.0,1.0,0.0,1.0,1.0,0.0,1.0
0.0,0.0,0.0,1.0,0.0,1.0,0.0,1.0,1.0,1.0,0.0
0.0,0.0,0.0,1.0,0.0,1.0,0.0,1.0,1.0,1.0,1.0
0.0,0.0,0.0,1.0,0.0,1.0,1.0,0.0,0.0,0.0,0.0
0.0,0.0,0.0,1.0,0.0,1.0,1.0,0.0,0.0,0.0,1.0
0.0,0.0,0.0,1.0,0.0,1.0,1.0,0.0,0.0,1.0,0.0
0.0,0.0,0.0,1.0,0.0,1.0,1.0,0.0,0.0,1.0,1.0
0.0,0.0,0.0,1.0,0.0,1.0,1.0,0.0,1.0,0.0,0.0
0.0,0.0,0.0,1.0,0.0,1.0,1.0,0.0,1.0,0.0,1.0
0.0,0.0,0.0,1.0,0.0,1.0,1.0,0.0,1.0,1.0,0.0
0.0,0.0,0.0,1.0,0.0,1.0,1.0,0.0,1.0,1.0,1.0
0.0,0.0,0.0,1.0,0.0,1.0,1.0,1.0,0.0,0.0,0.0
0.0,0.0,0.0,1.0,0.0,1.0,1.0,1.0,0.0,0.0,1.0
0.0,0.0,0.0,1.0,0.0,1.0,1.0,1.0,0.0,1.0,0.0
0.0,0.0,0.0,1.0,0.0,1.0,1.0,1.0,0.0,1.0,1.0
0.0,0.0,0.0,1.0,0.0,1.0,1.0,1.0,1.0,0.0,0.0
0.0,0.0,0.0,1.0,0.0,1.0,1.0,1.0,1.0,0.0,1.0
0.0,0.0,0.0,1.0,0.0,1.0,1.0,1.0,1.0,1.0,0.0
0.0,0.0,0.0,1.0,0.0,1.0,1.0,1.0,1.0,1.0,1.0
0.0,0.0,0.0,1.0,1.0,0.0,0.0,0.0,0.0,0.0,0.0
0.0,0.0,0.0,1.0,1.0,0.0,0.0,0.0,0.0,0.0,1.0
0.0,0.0,0.0,1.0,1.0,0.0,0.0,0.0,0.0,1.0,0.0
0.0,0.0,0.0,1.0,1.0,0.0,0.0,0.0,0.0,1.0,1.0
0.0,0.0,0.0,1.0,1.0,0.0,0.0,0.0,1.0,0.0,0.0
0.0,0.0,0.0,1.0,1.0,0.0,0.0,0.0,1.0,0.0,1.0
0.0,0.0,0.0,1.0,1.0,0.0,0.0,0.0,1.0,1.0,0.0
0.0,0.0,0.0,1.0,1.0,0.0,0.0,0.0,1.0,1.0,1.0
0.0,0.0,0.0,1.0,1.0,0.0,0.0,1.0,0.0,0.0,0.0
0.0,0.0,0.0,1.0,1.0,0.0,0.0,1.0,0.0,0.0,1.0
0.0,0.0,0.0,1.0,1.0,0.0,0.0,1.0,0.0,1.0,0.0
0.0,0.0,0.0,1.0,1.0,0.0,0.0,1.0,0.0,1.0,1.0
0.0,0.0,0.0,1.0,1.0,0.0,0.0,1.0,1.0,0.0,0.0
0.0,0.0,0.0,1.0,1.0,0.0,0.0,1.0,1.0,0.0,1.0
0.0,0.0,0.0,1.0,1.0,0.0,0.0,1.0,1.0,1.0,0.0
0.0,0.0,0.0,1.0,1.0,0.0,0.0,1.0,1.0,1.0,1.0
0.0,0.0,0.0,1.0,1.0,0.0,1.0,0.0,0.0,0.0,0.0
0.0,0.0,0.0,1.0,1.0,0.0,1.0,0.0,0.0,0.0,1.0
0.0,0.0,0.0,1.0,1.0,0.0,1.0,0.0,0.0,1.0,0.0
0.0,0.0,0.0,1.0,1.0,0.0,1.0,0.0,0.0,1.0,1.0
0.0,0.0,0.0,1.0,1.0,0.0,1.0,0.0,1.0,0.0,0.0
0.0,0.0,0.0,1.0,1.0,0.0,1.0,0.0,1.0,0.0,1.0
0.0,0.0,0.0,1.0,1.0,0.0,1.0,0.0,1.0,1.0,0.0
0.0,0.0,0.0,1.0,1.0,0.0,1.0,0.0,1.0,1.0,1.0
0.0,0.0,0.0,1.0,1.0,0.0,1.0,1.0,0.0,0.0,0.0
0.0,0.0,0.0,1.0,1.0,0.0,1.0,1.0,0.0,0.0,1.0
0.0,0.0,0.0,1.0,1.0,0.0,1.0,1.0,0.0,1.0,0.0
0.0,0.0,0.0,1.0,1.0,0.0,1.0,1.0,0.0,1.0,1.0
0.0,0.0,0.0,1.0,1.0,0.0,1.0,1.0,1.0,0.0,0.0
0.0,0.0,0.0,1.0,1.0,0.0,1.0,1.0,1.0,0.0,1.0
0.0,0.0,0.0,1.0,1.0,0.0,1.0,1.0,1.0,1.0,0.0
0.0,0.0,0.0,1.0,1.0,0.0,1.0,1.0,1.0,1.0,1.0
0.0,0.0,0.0,1.0,1.0,1.0,0.0,0.0,0.0,0.0,0.0
0.0,0.0,0.0,1.0,1.0,1.0,0.0,0.0,0.0,0.0,1.0
0.0,0.0,0.0,1.0,1.0,1.0,0.0,0.0,0.0,1.0,0.0
0.0,0.0,0.0,1.0,1.0,1.0,0.0,0.0,0.0,1.0,1.0
0.0,0.0,0.0,1.0,1.0,1.0,0.0,0.0,1.0,0.0,0.0
0.0,0.0,0.0,1.0,1.0,1.0,0.0,0.0,1.0,0.0,1.0
0.0,0.0,0.0,1.0,1.0,1.0,0.0,0.0,1.0,1.0,0.0
0.0,0.0,0.0,1.0,1.0,1.0,0.0,0.0,1.0,1.0,1.0
0.0,0.0,0.0,1.0,1.0,1.0,0.0,1.0,0.0,0.0,0.0
0.0,0.0,0.0,1.0,1.0,1.0,0.0,1.0,0.0,0.0,1.0
0.0,0.0,0.0,1.0,1.0,1.0,0.0,1.0,0.0,1.0,0.0
0.0,0.0,0.0,1.0,1.0,1.0,0.0,1.0,0.0,1.0,1.0
0.0,0.0,0.0,1.0,1.0,1.0,0.0,1.0,1.0,0.0,0.0
0.0,0.0,0.0,1.0,1.0,1.0,0.0,1.0,1.0,0.0,1.0
0.0,0.0,0.0,1.0,1.0,1.0,0.0,1.0,1.0,1.0,0.0
0.0,0.0,0.0,1.0,1.0,1.0,0.0,1.0,1.0,1.0,1.0
0.0,0.0,0.0,1.0,1.0,1.0,1.0,0.0,0.0,0.0,0.0
0.0,0.0,0.0,1.0,1.0,1.0,1.0,0.0,0.0,0.0,1.0
0.0,0.0,0.0,1.0,1.0,1.0,1.0,0.0,0.0,1.0,0.0
0.0,0.0,0.0,1.0,1.0,1.0,1.0,0.0,0.0,1.0,1.0
0.0,0.0,0.0,1.0,1.0,1.0,1.0,0.0,1.0,0.0,0.0
0.0,0.0,0.0,1.0,1.0,1.0,1.0,0.0,1.0,0.0,1.0
0.0,0.0,0.0,1.0,1.0,1.0,1.0,0.0,1.0,1.0,0.0
0.0,0.0,0.0,1.0,1.0,1.0,1.0,0.0,1.0,1.0,1.0
0.0,0.0,0.0,1.0,1.0,1.0,1.0,1.0,0.0,0.0,0.0
0.0,0.0,0.0,1.0,1.0,1.0,1.0,1.0,0.0,0.0,1.0
0.0,0.0,0.0,1.0,1.0,1.0,1.0,1.0,0.0,1.0,0.0
0.0,0.0,0.0,1.0,1.0,1.0,1.0,1.0,0.0,1.0,1.0
0.0,0.0,0.0,1.0,1.0,1.0,1.0,1.0,1.0,0.0,0.0
0.0,0.0,0.0,1.0,1.0,1.0,1.0,1.0,1.0,0.0,1.0
0.0,0.0,0.0,1.0,1.0,1.0,1.0,1.0,1.0,1.0,0.0
0.0,0.0,0.0,1.0,1.0,1.0,1.0,1.0,1.0,1.0,1.0
0.0,0.0,1.0,0.0,0.0,0.0,0.0,0.0,0.0,0.0,0.0
0.0,0.0,1.0,0.0,0.0,0.0,0.0,0.0,0.0,0.0,1.0
0.0,0.0,1.0,0.0,0.0,0.0,0.0,0.0,0.0,1.0,0.0
0.0,0.0,1.0,0.0,0.0,0.0,0.0,0.0,0.0,1.0,1.0
0.0,0.0,1.0,0.0,0.0,0.0,0.0,0.0,1.0,0.0,0.0
0.0,0.0,1.0,0.0,0.0,0.0,0.0,0.0,1.0,0.0,1.0
0.0,0.0,1.0,0.0,0.0,0.0,0.0,0.0,1.0,1.0,0.0
0.0,0.0,1.0,0.0,0.0,0.0,0.0,0.0,1.0,1.0,1.0
0.0,0.0,1.0,0.0,0.0,0.0,0.0,1.0,0.0,0.0,0.0
0.0,0.0,1.0,0.0,0.0,0.0,0.0,1.0,0.0,0.0,1.0
0.0,0.0,1.0,0.0,0.0,0.0,0.0,1.0,0.0,1.0,0.0
0.0,0.0,1.0,0.0,0.0,0.0,0.0,1.0,0.0,1.0,1.0
0.0,0.0,1.0,0.0,0.0,0.0,0.0,1.0,1.0,0.0,0.0
0.0,0.0,1.0,0.0,0.0,0.0,0.0,1.0,1.0,0.0,1.0
0.0,0.0,1.0,0.0,0.0,0.0,0.0,1.0,1.0,1.0,0.0
0.0,0.0,1.0,0.0,0.0,0.0,0.0,1.0,1.0,1.0,1.0
0.0,0.0,1.0,0.0,0.0,0.0,1.0,0.0,0.0,0.0,0.0
0.0,0.0,1.0,0.0,0.0,0.0,1.0,0.0,0.0,0.0,1.0
0.0,0.0,1.0,0.0,0.0,0.0,1.0,0.0,0.0,1.0,0.0
0.0,0.0,1.0,0.0,0.0,0.0,1.0,0.0,0.0,1.0,1.0
0.0,0.0,1.0,0.0,0.0,0.0,1.0,0.0,1.0,0.0,0.0
0.0,0.0,1.0,0.0,0.0,0.0,1.0,0.0,1.0,0.0,1.0
0.0,0.0,1.0,0.0,0.0,0.0,1.0,0.0,1.0,1.0,0.0
0.0,0.0,1.0,0.0,0.0,0.0,1.0,0.0,1.0,1.0,1.0
0.0,0.0,1.0,0.0,0.0,0.0,1.0,1.0,0.0,0.0,0.0
0.0,0.0,1.0,0.0,0.0,0.0,1.0,1.0,0.0,0.0,1.0
0.0,0.0,1.0,0.0,0.0,0.0,1.0,1.0,0.0,1.0,0.0
0.0,0.0,1.0,0.0,0.0,0.0,1.0,1.0,0.0,1.0,1.0
0.0,0.0,1.0,0.0,0.0,0.0,1.0,1.0,1.0,0.0,0.0
0.0,0.0,1.0,0.0,0.0,0.0,1.0,1.0,1.0,0.0,1.0
0.0,0.0,1.0,0.0,0.0,0.0,1.0,1.0,1.0,1.0,0.0
0.0,0.0,1.0,0.0,0.0,0.0,1.0,1.0,1.0,1.0,1.0
0.0,0.0,1.0,0.0,0.0,1.0,0.0,0.0,0.0,0.0,0.0
0.0,0.0,1.0,0.0,0.0,1.0,0.0,0.0,0.0,0.0,1.0
0.0,0.0,1.0,0.0,0.0,1.0,0.0,0.0,0.0,1.0,0.0
0.0,0.0,1.0,0.0,0.0,1.0,0.0,0.0,0.0,1.0,1.0
0.0,0.0,1.0,0.0,0.0,1.0,0.0,0.0,1.0,0.0,0.0
0.0,0.0,1.0,0.0,0.0,1.0,0.0,0.0,1.0,0.0,1.0
0.0,0.0,1.0,0.0,0.0,1.0,0.0,0.0,1.0,1.0,0.0
0.0,0.0,1.0,0.0,0.0,1.0,0.0,0.0,1.0,1.0,1.0
0.0,0.0,1.0,0.0,0.0,1.0,0.0,1.0,0.0,0.0,0.0
0.0,0.0,1.0,0.0,0.0,1.0,0.0,1.0,0.0,0.0,1.0
0.0,0.0,1.0,0.0,0.0,1.0,0.0,1.0,0.0,1.0,0.0
0.0,0.0,1.0,0.0,0.0,1.0,0.0,1.0,0.0,1.0,1.0
0.0,0.0,1.0,0.0,0.0,1.0,0.0,1.0,1.0,0.0,0.0
0.0,0.0,1.0,0.0,0.0,1.0,0.0,1.0,1.0,0.0,1.0
0.0,0.0,1.0,0.0,0.0,1.0,0.0,1.0,1.0,1.0,0.0
0.0,0.0,1.0,0.0,0.0,1.0,0.0,1.0,1.0,1.0,1.0
0.0,0.0,1.0,0.0,0.0,1.0,1.0,0.0,0.0,0.0,0.0
0.0,0.0,1.0,0.0,0.0,1.0,1.0,0.0,0.0,0.0,1.0
0.0,0.0,1.0,0.0,0.0,1.0,1.0,0.0,0.0,1.0,0.0
0.0,0.0,1.0,0.0,0.0,1.0,1.0,0.0,0.0,1.0,1.0
0.0,0.0,1.0,0.0,0.0,1.0,1.0,0.0,1.0,0.0,0.0
0.0,0.0,1.0,0.0,0.0,1.0,1.0,0.0,1.0,0.0,1.0
0.0,0.0,1.0,0.0,0.0,1.0,1.0,0.0,1.0,1.0,0.0
0.0,0.0,1.0,0.0,0.0,1.0,1.0,0.0,1.0,1.0,1.0
0.0,0.0,1.0,0.0,0.0,1.0,1.0,1.0,0.0,0.0,0.0
0.0,0.0,1.0,0.0,0.0,1.0,1.0,1.0,0.0,0.0,1.0
0.0,0.0,1.0,0.0,0.0,1.0,1.0,1.0,0.0,1.0,0.0
0.0,0.0,1.0,0.0,0.0,1.0,1.0,1.0,0.0,1.0,1.0
0.0,0.0,1.0,0.0,0.0,1.0,1.0,1.0,1.0,0.0,0.0
0.0,0.0,1.0,0.0,0.0,1.0,1.0,1.0,1.0,0.0,1.0
0.0,0.0,1.0,0.0,0.0,1.0,1.0,1.0,1.0,1.0,0.0
0.0,0.0,1.0,0.0,0.0,1.0,1.0,1.0,1.0,1.0,1.0
0.0,0.0,1.0,0.0,1.0,0.0,0.0,0.0,0.0,0.0,0.0
0.0,0.0,1.0,0.0,1.0,0.0,0.0,0.0,0.0,0.0,1.0
0.0,0.0,1.0,0.0,1.0,0.0,0.0,0.0,0.0,1.0,0.0
0.0,0.0,1.0,0.0,1.0,0.0,0.0,0.0,0.0,1.0,1.0
0.0,0.0,1.0,0.0,1.0,0.0,0.0,0.0,1.0,0.0,0.0
0.0,0.0,1.0,0.0,1.0,0.0,0.0,0.0,1.0,0.0,1.0
0.0,0.0,1.0,0.0,1.0,0.0,0.0,0.0,1.0,1.0,0.0
0.0,0.0,1.0,0.0,1.0,0.0,0.0,0.0,1.0,1.0,1.0
0.0,0.0,1.0,0.0,1.0,0.0,0.0,1.0,0.0,0.0,0.0
0.0,0.0,1.0,0.0,1.0,0.0,0.0,1.0,0.0,0.0,1.0
0.0,0.0,1.0,0.0,1.0,0.0,0.0,1.0,0.0,1.0,0.0
0.0,0.0,1.0,0.0,1.0,0.0,0.0,1.0,0.0,1.0,1.0
0.0,0.0,1.0,0.0,1.0,0.0,0.0,1.0,1.0,0.0,0.0
0.0,0.0,1.0,0.0,1.0,0.0,0.0,1.0,1.0,0.0,1.0
0.0,0.0,1.0,0.0,1.0,0.0,0.0,1.0,1.0,1.0,0.0
0.0,0.0,1.0,0.0,1.0,0.0,0.0,1.0,1.0,1.0,1.0
0.0,0.0,1.0,0.0,1.0,0.0,1.0,0.0,0.0,0.0,0.0
0.0,0.0,1.0,0.0,1.0,0.0,1.0,0.0,0.0,0.0,1.0
0.0,0.0,1.0,0.0,1.0,0.0,1.0,0.0,0.0,1.0,0.0
0.0,0.0,1.0,0.0,1.0,0.0,1.0,0.0,0.0,1.0,1.0
0.0,0.0,1.0,0.0,1.0,0.0,1.0,0.0,1.0,0.0,0.0
0.0,0.0,1.0,0.0,1.0,0.0,1.0,0.0,1.0,0.0,1.0
0.0,0.0,1.0,0.0,1.0,0.0,1.0,0.0,1.0,1.0,0.0
0.0,0.0,1.0,0.0,1.0,0.0,1.0,0.0,1.0,1.0,1.0
0.0,0.0,1.0,0.0,1.0,0.0,1.0,1.0,0.0,0.0,0.0
0.0,0.0,1.0,0.0,1.0,0.0,1.0,1.0,0.0,0.0,1.0
0.0,0.0,1.0,0.0,1.0,0.0,1.0,1.0,0.0,1.0,0.0
0.0,0.0,1.0,0.0,1.0,0.0,1.0,1.0,0.0,1.0,1.0
0.0,0.0,1.0,0.0,1.0,0.0,1.0,1.0,1.0,0.0,0.0
0.0,0.0,1.0,0.0,1.0,0.0,1.0,1.0,1.0,0.0,1.0
0.0,0.0,1.0,0.0,1.0,0.0,1.0,1.0,1.0,1.0,0.0
0.0,0.0,1.0,0.0,1.0,0.0,1.0,1.0,1.0,1.0,1.0
0.0,0.0,1.0,0.0,1.0,1.0,0.0,0.0,0.0,0.0,0.0
0.0,0.0,1.0,0.0,1.0,1.0,0.0,0.0,0.0,0.0,1.0
0.0,0.0,1.0,0.0,1.0,1.0,0.0,0.0,0.0,1.0,0.0
0.0,0.0,1.0,0.0,1.0,1.0,0.0,0.0,0.0,1.0,1.0
0.0,0.0,1.0,0.0,1.0,1.0,0.0,0.0,1.0,0.0,0.0
0.0,0.0,1.0,0.0,1.0,1.0,0.0,0.0,1.0,0.0,1.0
0.0,0.0,1.0,0.0,1.0,1.0,0.0,0.0,1.0,1.0,0.0
0.0,0.0,1.0,0.0,1.0,1.0,0.0,0.0,1.0,1.0,1.0
0.0,0.0,1.0,0.0,1.0,1.0,0.0,1.0,0.0,0.0,0.0
0.0,0.0,1.0,0.0,1.0,1.0,0.0,1.0,0.0,0.0,1.0
0.0,0.0,1.0,0.0,1.0,1.0,0.0,1.0,0.0,1.0,0.0
0.0,0.0,1.0,0.0,1.0,1.0,0.0,1.0,0.0,1.0,1.0
0.0,0.0,1.0,0.0,1.0,1.0,0.0,1.0,1.0,0.0,0.0
0.0,0.0,1.0,0.0,1.0,1.0,0.0,1.0,1.0,0.0,1.0
0.0,0.0,1.0,0.0,1.0,1.0,0.0,1.0,1.0,1.0,0.0
0.0,0.0,1.0,0.0,1.0,1.0,0.0,1.0,1.0,1.0,1.0
0.0,0.0,1.0,0.0,1.0,1.0,1.0,0.0,0.0,0.0,0.0
0.0,0.0,1.0,0.0,1.0,1.0,1.0,0.0,0.0,0.0,1.0
0.0,0.0,1.0,0.0,1.0,1.0,1.0,0.0,0.0,1.0,0.0
0.0,0.0,1.0,0.0,1.0,1.0,1.0,0.0,0.0,1.0,1.0
0.0,0.0,1.0,0.0,1.0,1.0,1.0,0.0,1.0,0.0,0.0
0.0,0.0,1.0,0.0,1.0,1.0,1.0,0.0,1.0,0.0,1.0
0.0,0.0,1.0,0.0,1.0,1.0,1.0,0.0,1.0,1.0,0.0
0.0,0.0,1.0,0.0,1.0,1.0,1.0,0.0,1.0,1.0,1.0
0.0,0.0,1.0,0.0,1.0,1.0,1.0,1.0,0.0,0.0,0.0
0.0,0.0,1.0,0.0,1.0,1.0,1.0,1.0,0.0,0.0,1.0
0.0,0.0,1.0,0.0,1.0,1.0,1.0,1.0,0.0,1.0,0.0
0.0,0.0,1.0,0.0,1.0,1.0,1.0,1.0,0.0,1.0,1.0
0.0,0.0,1.0,0.0,1.0,1.0,1.0,1.0,1.0,0.0,0.0
0.0,0.0,1.0,0.0,1.0,1.0,1.0,1.0,1.0,0.0,1.0
0.0,0.0,1.0,0.0,1.0,1.0,1.0,1.0,1.0,1.0,0.0
0.0,0.0,1.0,0.0,1.0,1.0,1.0,1.0,1.0,1.0,1.0
0.0,0.0,1.0,1.0,0.0,0.0,0.0,0.0,0.0,0.0,0.0
0.0,0.0,1.0,1.0,0.0,0.0,0.0,0.0,0.0,0.0,1.0
0.0,0.0,1.0,1.0,0.0,0.0,0.0,0.0,0.0,1.0,0.0
0.0,0.0,1.0,1.0,0.0,0.0,0.0,0.0,0.0,1.0,1.0
0.0,0.0,1.0,1.0,0.0,0.0,0.0,0.0,1.0,0.0,0.0
0.0,0.0,1.0,1.0,0.0,0.0,0.0,0.0,1.0,0.0,1.0
0.0,0.0,1.0,1.0,0.0,0.0,0.0,0.0,1.0,1.0,0.0
0.0,0.0,1.0,1.0,0.0,0.0,0.0,0.0,1.0,1.0,1.0
0.0,0.0,1.0,1.0,0.0,0.0,0.0,1.0,0.0,0.0,0.0
0.0,0.0,1.0,1.0,0.0,0.0,0.0,1.0,0.0,0.0,1.0
0.0,0.0,1.0,1.0,0.0,0.0,0.0,1.0,0.0,1.0,0.0
0.0,0.0,1.0,1.0,0.0,0.0,0.0,1.0,0.0,1.0,1.0
0.0,0.0,1.0,1.0,0.0,0.0,0.0,1.0,1.0,0.0,0.0
0.0,0.0,1.0,1.0,0.0,0.0,0.0,1.0,1.0,0.0,1.0
0.0,0.0,1.0,1.0,0.0,0.0,0.0,1.0,1.0,1.0,0.0
0.0,0.0,1.0,1.0,0.0,0.0,0.0,1.0,1.0,1.0,1.0
0.0,0.0,1.0,1.0,0.0,0.0,1.0,0.0,0.0,0.0,0.0
0.0,0.0,1.0,1.0,0.0,0.0,1.0,0.0,0.0,0.0,1.0
0.0,0.0,1.0,1.0,0.0,0.0,1.0,0.0,0.0,1.0,0.0
0.0,0.0,1.0,1.0,0.0,0.0,1.0,0.0,0.0,1.0,1.0
0.0,0.0,1.0,1.0,0.0,0.0,1.0,0.0,1.0,0.0,0.0
0.0,0.0,1.0,1.0,0.0,0.0,1.0,0.0,1.0,0.0,1.0
0.0,0.0,1.0,1.0,0.0,0.0,1.0,0.0,1.0,1.0,0.0
0.0,0.0,1.0,1.0,0.0,0.0,1.0,0.0,1.0,1.0,1.0
0.0,0.0,1.0,1.0,0.0,0.0,1.0,1.0,0.0,0.0,0.0
0.0,0.0,1.0,1.0,0.0,0.0,1.0,1.0,0.0,0.0,1.0
0.0,0.0,1.0,1.0,0.0,0.0,1.0,1.0,0.0,1.0,0.0
0.0,0.0,1.0,1.0,0.0,0.0,1.0,1.0,0.0,1.0,1.0
0.0,0.0,1.0,1.0,0.0,0.0,1.0,1.0,1.0,0.0,0.0
0.0,0.0,1.0,1.0,0.0,0.0,1.0,1.0,1.0,0.0,1.0
0.0,0.0,1.0,1.0,0.0,0.0,1.0,1.0,1.0,1.0,0.0
0.0,0.0,1.0,1.0,0.0,0.0,1.0,1.0,1.0,1.0,1.0
0.0,0.0,1.0,1.0,0.0,1.0,0.0,0.0,0.0,0.0,0.0
0.0,0.0,1.0,1.0,0.0,1.0,0.0,0.0,0.0,0.0,1.0
0.0,0.0,1.0,1.0,0.0,1.0,0.0,0.0,0.0,1.0,0.0
0.0,0.0,1.0,1.0,0.0,1.0,0.0,0.0,0.0,1.0,1.0
0.0,0.0,1.0,1.0,0.0,1.0,0.0,0.0,1.0,0.0,0.0
0.0,0.0,1.0,1.0,0.0,1.0,0.0,0.0,1.0,0.0,1.0
0.0,0.0,1.0,1.0,0.0,1.0,0.0,0.0,1.0,1.0,0.0
0.0,0.0,1.0,1.0,0.0,1.0,0.0,0.0,1.0,1.0,1.0
0.0,0.0,1.0,1.0,0.0,1.0,0.0,1.0,0.0,0.0,0.0
0.0,0.0,1.0,1.0,0.0,1.0,0.0,1.0,0.0,0.0,1.0
0.0,0.0,1.0,1.0,0.0,1.0,0.0,1.0,0.0,1.0,0.0
0.0,0.0,1.0,1.0,0.0,1.0,0.0,1.0,0.0,1.0,1.0
0.0,0.0,1.0,1.0,0.0,1.0,0.0,1.0,1.0,0.0,0.0
0.0,0.0,1.0,1.0,0.0,1.0,0.0,1.0,1.0,0.0,1.0
0.0,0.0,1.0,1.0,0.0,1.0,0.0,1.0,1.0,1.0,0.0
0.0,0.0,1.0,1.0,0.0,1.0,0.0,1.0,1.0,1.0,1.0
0.0,0.0,1.0,1.0,0.0,1.0,1.0,0.0,0.0,0.0,0.0
0.0,0.0,1.0,1.0,0.0,1.0,1.0,0.0,0.0,0.0,1.0
0.0,0.0,1.0,1.0,0.0,1.0,1.0,0.0,0.0,1.0,0.0
0.0,0.0,1.0,1.0,0.0,1.0,1.0,0.0,0.0,1.0,1.0
0.0,0.0,1.0,1.0,0.0,1.0,1.0,0.0,1.0,0.0,0.0
0.0,0.0,1.0,1.0,0.0,1.0,1.0,0.0,1.0,0.0,1.0
0.0,0.0,1.0,1.0,0.0,1.0,1.0,0.0,1.0,1.0,0.0
0.0,0.0,1.0,1.0,0.0,1.0,1.0,0.0,1.0,1.0,1.0
0.0,0.0,1.0,1.0,0.0,1.0,1.0,1.0,0.0,0.0,0.0
0.0,0.0,1.0,1.0,0.0,1.0,1.0,1.0,0.0,0.0,1.0
0.0,0.0,1.0,1.0,0.0,1.0,1.0,1.0,0.0,1.0,0.0
0.0,0.0,1.0,1.0,0.0,1.0,1.0,1.0,0.0,1.0,1.0
0.0,0.0,1.0,1.0,0.0,1.0,1.0,1.0,1.0,0.0,0.0
0.0,0.0,1.0,1.0,0.0,1.0,1.0,1.0,1.0,0.0,1.0
0.0,0.0,1.0,1.0,0.0,1.0,1.0,1.0,1.0,1.0,0.0
0.0,0.0,1.0,1.0,0.0,1.0,1.0,1.0,1.0,1.0,1.0
0.0,0.0,1.0,1.0,1.0,0.0,0.0,0.0,0.0,0.0,0.0
0.0,0.0,1.0,1.0,1.0,0.0,0.0,0.0,0.0,0.0,1.0
0.0,0.0,1.0,1.0,1.0,0.0,0.0,0.0,0.0,1.0,0.0
0.0,0.0,1.0,1.0,1.0,0.0,0.0,0.0,0.0,1.0,1.0
0.0,0.0,1.0,1.0,1.0,0.0,0.0,0.0,1.0,0.0,0.0
0.0,0.0,1.0,1.0,1.0,0.0,0.0,0.0,1.0,0.0,1.0
0.0,0.0,1.0,1.0,1.0,0.0,0.0,0.0,1.0,1.0,0.0
0.0,0.0,1.0,1.0,1.0,0.0,0.0,0.0,1.0,1.0,1.0
0.0,0.0,1.0,1.0,1.0,0.0,0.0,1.0,0.0,0.0,0.0
0.0,0.0,1.0,1.0,1.0,0.0,0.0,1.0,0.0,0.0,1.0
0.0,0.0,1.0,1.0,1.0,0.0,0.0,1.0,0.0,1.0,0.0
0.0,0.0,1.0,1.0,1.0,0.0,0.0,1.0,0.0,1.0,1.0
0.0,0.0,1.0,1.0,1.0,0.0,0.0,1.0,1.0,0.0,0.0
0.0,0.0,1.0,1.0,1.0,0.0,0.0,1.0,1.0,0.0,1.0
0.0,0.0,1.0,1.0,1.0,0.0,0.0,1.0,1.0,1.0,0.0
0.0,0.0,1.0,1.0,1.0,0.0,0.0,1.0,1.0,1.0,1.0
0.0,0.0,1.0,1.0,1.0,0.0,1.0,0.0,0.0,0.0,0.0
0.0,0.0,1.0,1.0,1.0,0.0,1.0,0.0,0.0,0.0,1.0
0.0,0.0,1.0,1.0,1.0,0.0,1.0,0.0,0.0,1.0,0.0
0.0,0.0,1.0,1.0,1.0,0.0,1.0,0.0,0.0,1.0,1.0
0.0,0.0,1.0,1.0,1.0,0.0,1.0,0.0,1.0,0.0,0.0
0.0,0.0,1.0,1.0,1.0,0.0,1.0,0.0,1.0,0.0,1.0
0.0,0.0,1.0,1.0,1.0,0.0,1.0,0.0,1.0,1.0,0.0
0.0,0.0,1.0,1.0,1.0,0.0,1.0,0.0,1.0,1.0,1.0
0.0,0.0,1.0,1.0,1.0,0.0,1.0,1.0,0.0,0.0,0.0
0.0,0.0,1.0,1.0,1.0,0.0,1.0,1.0,0.0,0.0,1.0
0.0,0.0,1.0,1.0,1.0,0.0,1.0,1.0,0.0,1.0,0.0
0.0,0.0,1.0,1.0,1.0,0.0,1.0,1.0,0.0,1.0,1.0
0.0,0.0,1.0,1.0,1.0,0.0,1.0,1.0,1.0,0.0,0.0
0.0,0.0,1.0,1.0,1.0,0.0,1.0,1.0,1.0,0.0,1.0
0.0,0.0,1.0,1.0,1.0,0.0,1.0,1.0,1.0,1.0,0.0
0.0,0.0,1.0,1.0,1.0,0.0,1.0,1.0,1.0,1.0,1.0
0.0,0.0,1.0,1.0,1.0,1.0,0.0,0.0,0.0,0.0,0.0
0.0,0.0,1.0,1.0,1.0,1.0,0.0,0.0,0.0,0.0,1.0
0.0,0.0,1.0,1.0,1.0,1.0,0.0,0.0,0.0,1.0,0.0
0.0,0.0,1.0,1.0,1.0,1.0,0.0,0.0,0.0,1.0,1.0
0.0,0.0,1.0,1.0,1.0,1.0,0.0,0.0,1.0,0.0,0.0
0.0,0.0,1.0,1.0,1.0,1.0,0.0,0.0,1.0,0.0,1.0
0.0,0.0,1.0,1.0,1.0,1.0,0.0,0.0,1.0,1.0,0.0
0.0,0.0,1.0,1.0,1.0,1.0,0.0,0.0,1.0,1.0,1.0
0.0,0.0,1.0,1.0,1.0,1.0,0.0,1.0,0.0,0.0,0.0
0.0,0.0,1.0,1.0,1.0,1.0,0.0,1.0,0.0,0.0,1.0
0.0,0.0,1.0,1.0,1.0,1.0,0.0,1.0,0.0,1.0,0.0
0.0,0.0,1.0,1.0,1.0,1.0,0.0,1.0,0.0,1.0,1.0
0.0,0.0,1.0,1.0,1.0,1.0,0.0,1.0,1.0,0.0,0.0
0.0,0.0,1.0,1.0,1.0,1.0,0.0,1.0,1.0,0.0,1.0
0.0,0.0,1.0,1.0,1.0,1.0,0.0,1.0,1.0,1.0,0.0
0.0,0.0,1.0,1.0,1.0,1.0,0.0,1.0,1.0,1.0,1.0
0.0,0.0,1.0,1.0,1.0,1.0,1.0,0.0,0.0,0.0,0.0
0.0,0.0,1.0,1.0,1.0,1.0,1.0,0.0,0.0,0.0,1.0
0.0,0.0,1.0,1.0,1.0,1.0,1.0,0.0,0.0,1.0,0.0
0.0,0.0,1.0,1.0,1.0,1.0,1.0,0.0,0.0,1.0,1.0
0.0,0.0,1.0,1.0,1.0,1.0,1.0,0.0,1.0,0.0,0.0
0.0,0.0,1.0,1.0,1.0,1.0,1.0,0.0,1.0,0.0,1.0
0.0,0.0,1.0,1.0,1.0,1.0,1.0,0.0,1.0,1.0,0.0
0.0,0.0,1.0,1.0,1.0,1.0,1.0,0.0,1.0,1.0,1.0
0.0,0.0,1.0,1.0,1.0,1.0,1.0,1.0,0.0,0.0,0.0
0.0,0.0,1.0,1.0,1.0,1.0,1.0,1.0,0.0,0.0,1.0
0.0,0.0,1.0,1.0,1.0,1.0,1.0,1.0,0.0,1.0,0.0
0.0,0.0,1.0,1.0,1.0,1.0,1.0,1.0,0.0,1.0,1.0
0.0,0.0,1.0,1.0,1.0,1.0,1.0,1.0,1.0,0.0,0.0
0.0,0.0,1.0,1.0,1.0,1.0,1.0,1.0,1.0,0.0,1.0
0.0,0.0,1.0,1.0,1.0,1.0,1.0,1.0,1.0,1.0,0.0
0.0,0.0,1.0,1.0,1.0,1.0,1.0,1.0,1.0,1.0,1.0
0.0,1.0,0.0,0.0,0.0,0.0,0.0,0.0,0.0,0.0,0.0
0.0,1.0,0.0,0.0,0.0,0.0,0.0,0.0,0.0,0.0,1.0
0.0,1.0,0.0,0.0,0.0,0.0,0.0,0.0,0.0,1.0,0.0
0.0,1.0,0.0,0.0,0.0,0.0,0.0,0.0,0.0,1.0,1.0
0.0,1.0,0.0,0.0,0.0,0.0,0.0,0.0,1.0,0.0,0.0
0.0,1.0,0.0,0.0,0.0,0.0,0.0,0.0,1.0,0.0,1.0
0.0,1.0,0.0,0.0,0.0,0.0,0.0,0.0,1.0,1.0,0.0
0.0,1.0,0.0,0.0,0.0,0.0,0.0,0.0,1.0,1.0,1.0
0.0,1.0,0.0,0.0,0.0,0.0,0.0,1.0,0.0,0.0,0.0
0.0,1.0,0.0,0.0,0.0,0.0,0.0,1.0,0.0,0.0,1.0
0.0,1.0,0.0,0.0,0.0,0.0,0.0,1.0,0.0,1.0,0.0
0.0,1.0,0.0,0.0,0.0,0.0,0.0,1.0,0.0,1.0,1.0
0.0,1.0,0.0,0.0,0.0,0.0,0.0,1.0,1.0,0.0,0.0
0.0,1.0,0.0,0.0,0.0,0.0,0.0,1.0,1.0,0.0,1.0
0.0,1.0,0.0,0.0,0.0,0.0,0.0,1.0,1.0,1.0,0.0
0.0,1.0,0.0,0.0,0.0,0.0,0.0,1.0,1.0,1.0,1.0
0.0,1.0,0.0,0.0,0.0,0.0,1.0,0.0,0.0,0.0,0.0
0.0,1.0,0.0,0.0,0.0,0.0,1.0,0.0,0.0,0.0,1.0
0.0,1.0,0.0,0.0,0.0,0.0,1.0,0.0,0.0,1.0,0.0
0.0,1.0,0.0,0.0,0.0,0.0,1.0,0.0,0.0,1.0,1.0
0.0,1.0,0.0,0.0,0.0,0.0,1.0,0.0,1.0,0.0,0.0
0.0,1.0,0.0,0.0,0.0,0.0,1.0,0.0,1.0,0.0,1.0
0.0,1.0,0.0,0.0,0.0,0.0,1.0,0.0,1.0,1.0,0.0
0.0,1.0,0.0,0.0,0.0,0.0,1.0,0.0,1.0,1.0,1.0
0.0,1.0,0.0,0.0,0.0,0.0,1.0,1.0,0.0,0.0,0.0
0.0,1.0,0.0,0.0,0.0,0.0,1.0,1.0,0.0,0.0,1.0
0.0,1.0,0.0,0.0,0.0,0.0,1.0,1.0,0.0,1.0,0.0
0.0,1.0,0.0,0.0,0.0,0.0,1.0,1.0,0.0,1.0,1.0
0.0,1.0,0.0,0.0,0.0,0.0,1.0,1.0,1.0,0.0,0.0
0.0,1.0,0.0,0.0,0.0,0.0,1.0,1.0,1.0,0.0,1.0
0.0,1.0,0.0,0.0,0.0,0.0,1.0,1.0,1.0,1.0,0.0
0.0,1.0,0.0,0.0,0.0,0.0,1.0,1.0,1.0,1.0,1.0
0.0,1.0,0.0,0.0,0.0,1.0,0.0,0.0,0.0,0.0,0.0
0.0,1.0,0.0,0.0,0.0,1.0,0.0,0.0,0.0,0.0,1.0
0.0,1.0,0.0,0.0,0.0,1.0,0.0,0.0,0.0,1.0,0.0
0.0,1.0,0.0,0.0,0.0,1.0,0.0,0.0,0.0,1.0,1.0
0.0,1.0,0.0,0.0,0.0,1.0,0.0,0.0,1.0,0.0,0.0
0.0,1.0,0.0,0.0,0.0,1.0,0.0,0.0,1.0,0.0,1.0
0.0,1.0,0.0,0.0,0.0,1.0,0.0,0.0,1.0,1.0,0.0
0.0,1.0,0.0,0.0,0.0,1.0,0.0,0.0,1.0,1.0,1.0
0.0,1.0,0.0,0.0,0.0,1.0,0.0,1.0,0.0,0.0,0.0
0.0,1.0,0.0,0.0,0.0,1.0,0.0,1.0,0.0,0.0,1.0
0.0,1.0,0.0,0.0,0.0,1.0,0.0,1.0,0.0,1.0,0.0
0.0,1.0,0.0,0.0,0.0,1.0,0.0,1.0,0.0,1.0,1.0
0.0,1.0,0.0,0.0,0.0,1.0,0.0,1.0,1.0,0.0,0.0
0.0,1.0,0.0,0.0,0.0,1.0,0.0,1.0,1.0,0.0,1.0
0.0,1.0,0.0,0.0,0.0,1.0,0.0,1.0,1.0,1.0,0.0
0.0,1.0,0.0,0.0,0.0,1.0,0.0,1.0,1.0,1.0,1.0
0.0,1.0,0.0,0.0,0.0,1.0,1.0,0.0,0.0,0.0,0.0
0.0,1.0,0.0,0.0,0.0,1.0,1.0,0.0,0.0,0.0,1.0
0.0,1.0,0.0,0.0,0.0,1.0,1.0,0.0,0.0,1.0,0.0
0.0,1.0,0.0,0.0,0.0,1.0,1.0,0.0,0.0,1.0,1.0
0.0,1.0,0.0,0.0,0.0,1.0,1.0,0.0,1.0,0.0,0.0
0.0,1.0,0.0,0.0,0.0,1.0,1.0,0.0,1.0,0.0,1.0
0.0,1.0,0.0,0.0,0.0,1.0,1.0,0.0,1.0,1.0,0.0
0.0,1.0,0.0,0.0,0.0,1.0,1.0,0.0,1.0,1.0,1.0
0.0,1.0,0.0,0.0,0.0,1.0,1.0,1.0,0.0,0.0,0.0
0.0,1.0,0.0,0.0,0.0,1.0,1.0,1.0,0.0,0.0,1.0
0.0,1.0,0.0,0.0,0.0,1.0,1.0,1.0,0.0,1.0,0.0
0.0,1.0,0.0,0.0,0.0,1.0,1.0,1.0,0.0,1.0,1.0
0.0,1.0,0.0,0.0,0.0,1.0,1.0,1.0,1.0,0.0,0.0
0.0,1.0,0.0,0.0,0.0,1.0,1.0,1.0,1.0,0.0,1.0
0.0,1.0,0.0,0.0,0.0,1.0,1.0,1.0,1.0,1.0,0.0
0.0,1.0,0.0,0.0,0.0,1.0,1.0,1.0,1.0,1.0,1.0
0.0,1.0,0.0,0.0,1.0,0.0,0.0,0.0,0.0,0.0,0.0
0.0,1.0,0.0,0.0,1.0,0.0,0.0,0.0,0.0,0.0,1.0
0.0,1.0,0.0,0.0,1.0,0.0,0.0,0.0,0.0,1.0,0.0
0.0,1.0,0.0,0.0,1.0,0.0,0.0,0.0,0.0,1.0,1.0
0.0,1.0,0.0,0.0,1.0,0.0,0.0,0.0,1.0,0.0,0.0
0.0,1.0,0.0,0.0,1.0,0.0,0.0,0.0,1.0,0.0,1.0
0.0,1.0,0.0,0.0,1.0,0.0,0.0,0.0,1.0,1.0,0.0
0.0,1.0,0.0,0.0,1.0,0.0,0.0,0.0,1.0,1.0,1.0
0.0,1.0,0.0,0.0,1.0,0.0,0.0,1.0,0.0,0.0,0.0
0.0,1.0,0.0,0.0,1.0,0.0,0.0,1.0,0.0,0.0,1.0
0.0,1.0,0.0,0.0,1.0,0.0,0.0,1.0,0.0,1.0,0.0
0.0,1.0,0.0,0.0,1.0,0.0,0.0,1.0,0.0,1.0,1.0
0.0,1.0,0.0,0.0,1.0,0.0,0.0,1.0,1.0,0.0,0.0
0.0,1.0,0.0,0.0,1.0,0.0,0.0,1.0,1.0,0.0,1.0
0.0,1.0,0.0,0.0,1.0,0.0,0.0,1.0,1.0,1.0,0.0
0.0,1.0,0.0,0.0,1.0,0.0,0.0,1.0,1.0,1.0,1.0
0.0,1.0,0.0,0.0,1.0,0.0,1.0,0.0,0.0,0.0,0.0
0.0,1.0,0.0,0.0,1.0,0.0,1.0,0.0,0.0,0.0,1.0
0.0,1.0,0.0,0.0,1.0,0.0,1.0,0.0,0.0,1.0,0.0
0.0,1.0,0.0,0.0,1.0,0.0,1.0,0.0,0.0,1.0,1.0
0.0,1.0,0.0,0.0,1.0,0.0,1.0,0.0,1.0,0.0,0.0
0.0,1.0,0.0,0.0,1.0,0.0,1.0,0.0,1.0,0.0,1.0
0.0,1.0,0.0,0.0,1.0,0.0,1.0,0.0,1.0,1.0,0.0
0.0,1.0,0.0,0.0,1.0,0.0,1.0,0.0,1.0,1.0,1.0
0.0,1.0,0.0,0.0,1.0,0.0,1.0,1.0,0.0,0.0,0.0
0.0,1.0,0.0,0.0,1.0,0.0,1.0,1.0,0.0,0.0,1.0
0.0,1.0,0.0,0.0,1.0,0.0,1.0,1.0,0.0,1.0,0.0
0.0,1.0,0.0,0.0,1.0,0.0,1.0,1.0,0.0,1.0,1.0
0.0,1.0,0.0,0.0,1.0,0.0,1.0,1.0,1.0,0.0,0.0
0.0,1.0,0.0,0.0,1.0,0.0,1.0,1.0,1.0,0.0,1.0
0.0,1.0,0.0,0.0,1.0,0.0,1.0,1.0,1.0,1.0,0.0
0.0,1.0,0.0,0.0,1.0,0.0,1.0,1.0,1.0,1.0,1.0
0.0,1.0,0.0,0.0,1.0,1.0,0.0,0.0,0.0,0.0,0.0
0.0,1.0,0.0,0.0,1.0,1.0,0.0,0.0,0.0,0.0,1.0
0.0,1.0,0.0,0.0,1.0,1.0,0.0,0.0,0.0,1.0,0.0
0.0,1.0,0.0,0.0,1.0,1.0,0.0,0.0,0.0,1.0,1.0
0.0,1.0,0.0,0.0,1.0,1.0,0.0,0.0,1.0,0.0,0.0
0.0,1.0,0.0,0.0,1.0,1.0,0.0,0.0,1.0,0.0,1.0
0.0,1.0,0.0,0.0,1.0,1.0,0.0,0.0,1.0,1.0,0.0
0.0,1.0,0.0,0.0,1.0,1.0,0.0,0.0,1.0,1.0,1.0
0.0,1.0,0.0,0.0,1.0,1.0,0.0,1.0,0.0,0.0,0.0
0.0,1.0,0.0,0.0,1.0,1.0,0.0,1.0,0.0,0.0,1.0
0.0,1.0,0.0,0.0,1.0,1.0,0.0,1.0,0.0,1.0,0.0
0.0,1.0,0.0,0.0,1.0,1.0,0.0,1.0,0.0,1.0,1.0
0.0,1.0,0.0,0.0,1.0,1.0,0.0,1.0,1.0,0.0,0.0
0.0,1.0,0.0,0.0,1.0,1.0,0.0,1.0,1.0,0.0,1.0
0.0,1.0,0.0,0.0,1.0,1.0,0.0,1.0,1.0,1.0,0.0
0.0,1.0,0.0,0.0,1.0,1.0,0.0,1.0,1.0,1.0,1.0
0.0,1.0,0.0,0.0,1.0,1.0,1.0,0.0,0.0,0.0,0.0
0.0,1.0,0.0,0.0,1.0,1.0,1.0,0.0,0.0,0.0,1.0
0.0,1.0,0.0,0.0,1.0,1.0,1.0,0.0,0.0,1.0,0.0
0.0,1.0,0.0,0.0,1.0,1.0,1.0,0.0,0.0,1.0,1.0
0.0,1.0,0.0,0.0,1.0,1.0,1.0,0.0,1.0,0.0,0.0
0.0,1.0,0.0,0.0,1.0,1.0,1.0,0.0,1.0,0.0,1.0
0.0,1.0,0.0,0.0,1.0,1.0,1.0,0.0,1.0,1.0,0.0
0.0,1.0,0.0,0.0,1.0,1.0,1.0,0.0,1.0,1.0,1.0
0.0,1.0,0.0,0.0,1.0,1.0,1.0,1.0,0.0,0.0,0.0
0.0,1.0,0.0,0.0,1.0,1.0,1.0,1.0,0.0,0.0,1.0
0.0,1.0,0.0,0.0,1.0,1.0,1.0,1.0,0.0,1.0,0.0
0.0,1.0,0.0,0.0,1.0,1.0,1.0,1.0,0.0,1.0,1.0
0.0,1.0,0.0,0.0,1.0,1.0,1.0,1.0,1.0,0.0,0.0
0.0,1.0,0.0,0.0,1.0,1.0,1.0,1.0,1.0,0.0,1.0
0.0,1.0,0.0,0.0,1.0,1.0,1.0,1.0,1.0,1.0,0.0
0.0,1.0,0.0,0.0,1.0,1.0,1.0,1.0,1.0,1.0,1.0
0.0,1.0,0.0,1.0,0.0,0.0,0.0,0.0,0.0,0.0,0.0
0.0,1.0,0.0,1.0,0.0,0.0,0.0,0.0,0.0,0.0,1.0
0.0,1.0,0.0,1.0,0.0,0.0,0.0,0.0,0.0,1.0,0.0
0.0,1.0,0.0,1.0,0.0,0.0,0.0,0.0,0.0,1.0,1.0
0.0,1.0,0.0,1.0,0.0,0.0,0.0,0.0,1.0,0.0,0.0
0.0,1.0,0.0,1.0,0.0,0.0,0.0,0.0,1.0,0.0,1.0
0.0,1.0,0.0,1.0,0.0,0.0,0.0,0.0,1.0,1.0,0.0
0.0,1.0,0.0,1.0,0.0,0.0,0.0,0.0,1.0,1.0,1.0
0.0,1.0,0.0,1.0,0.0,0.0,0.0,1.0,0.0,0.0,0.0
0.0,1.0,0.0,1.0,0.0,0.0,0.0,1.0,0.0,0.0,1.0
0.0,1.0,0.0,1.0,0.0,0.0,0.0,1.0,0.0,1.0,0.0
0.0,1.0,0.0,1.0,0.0,0.0,0.0,1.0,0.0,1.0,1.0
0.0,1.0,0.0,1.0,0.0,0.0,0.0,1.0,1.0,0.0,0.0
0.0,1.0,0.0,1.0,0.0,0.0,0.0,1.0,1.0,0.0,1.0
0.0,1.0,0.0,1.0,0.0,0.0,0.0,1.0,1.0,1.0,0.0
0.0,1.0,0.0,1.0,0.0,0.0,0.0,1.0,1.0,1.0,1.0
0.0,1.0,0.0,1.0,0.0,0.0,1.0,0.0,0.0,0.0,0.0
0.0,1.0,0.0,1.0,0.0,0.0,1.0,0.0,0.0,0.0,1.0
0.0,1.0,0.0,1.0,0.0,0.0,1.0,0.0,0.0,1.0,0.0
0.0,1.0,0.0,1.0,0.0,0.0,1.0,0.0,0.0,1.0,1.0
0.0,1.0,0.0,1.0,0.0,0.0,1.0,0.0,1.0,0.0,0.0
0.0,1.0,0.0,1.0,0.0,0.0,1.0,0.0,1.0,0.0,1.0
0.0,1.0,0.0,1.0,0.0,0.0,1.0,0.0,1.0,1.0,0.0
0.0,1.0,0.0,1.0,0.0,0.0,1.0,0.0,1.0,1.0,1.0
0.0,1.0,0.0,1.0,0.0,0.0,1.0,1.0,0.0,0.0,0.0
0.0,1.0,0.0,1.0,0.0,0.0,1.0,1.0,0.0,0.0,1.0
0.0,1.0,0.0,1.0,0.0,0.0,1.0,1.0,0.0,1.0,0.0
0.0,1.0,0.0,1.0,0.0,0.0,1.0,1.0,0.0,1.0,1.0
0.0,1.0,0.0,1.0,0.0,0.0,1.0,1.0,1.0,0.0,0.0
0.0,1.0,0.0,1.0,0.0,0.0,1.0,1.0,1.0,0.0,1.0
0.0,1.0,0.0,1.0,0.0,0.0,1.0,1.0,1.0,1.0,0.0
0.0,1.0,0.0,1.0,0.0,0.0,1.0,1.0,1.0,1.0,1.0
0.0,1.0,0.0,1.0,0.0,1.0,0.0,0.0,0.0,0.0,0.0
0.0,1.0,0.0,1.0,0.0,1.0,0.0,0.0,0.0,0.0,1.0
0.0,1.0,0.0,1.0,0.0,1.0,0.0,0.0,0.0,1.0,0.0
0.0,1.0,0.0,1.0,0.0,1.0,0.0,0.0,0.0,1.0,1.0
0.0,1.0,0.0,1.0,0.0,1.0,0.0,0.0,1.0,0.0,0.0
0.0,1.0,0.0,1.0,0.0,1.0,0.0,0.0,1.0,0.0,1.0
0.0,1.0,0.0,1.0,0.0,1.0,0.0,0.0,1.0,1.0,0.0
0.0,1.0,0.0,1.0,0.0,1.0,0.0,0.0,1.0,1.0,1.0
0.0,1.0,0.0,1.0,0.0,1.0,0.0,1.0,0.0,0.0,0.0
0.0,1.0,0.0,1.0,0.0,1.0,0.0,1.0,0.0,0.0,1.0
0.0,1.0,0.0,1.0,0.0,1.0,0.0,1.0,0.0,1.0,0.0
0.0,1.0,0.0,1.0,0.0,1.0,0.0,1.0,0.0,1.0,1.0
0.0,1.0,0.0,1.0,0.0,1.0,0.0,1.0,1.0,0.0,0.0
0.0,1.0,0.0,1.0,0.0,1.0,0.0,1.0,1.0,0.0,1.0
0.0,1.0,0.0,1.0,0.0,1.0,0.0,1.0,1.0,1.0,0.0
0.0,1.0,0.0,1.0,0.0,1.0,0.0,1.0,1.0,1.0,1.0
0.0,1.0,0.0,1.0,0.0,1.0,1.0,0.0,0.0,0.0,0.0
0.0,1.0,0.0,1.0,0.0,1.0,1.0,0.0,0.0,0.0,1.0
0.0,1.0,0.0,1.0,0.0,1.0,1.0,0.0,0.0,1.0,0.0
0.0,1.0,0.0,1.0,0.0,1.0,1.0,0.0,0.0,1.0,1.0
0.0,1.0,0.0,1.0,0.0,1.0,1.0,0.0,1.0,0.0,0.0
0.0,1.0,0.0,1.0,0.0,1.0,1.0,0.0,1.0,0.0,1.0
0.0,1.0,0.0,1.0,0.0,1.0,1.0,0.0,1.0,1.0,0.0
0.0,1.0,0.0,1.0,0.0,1.0,1.0,0.0,1.0,1.0,1.0
0.0,1.0,0.0,1.0,0.0,1.0,1.0,1.0,0.0,0.0,0.0
0.0,1.0,0.0,1.0,0.0,1.0,1.0,1.0,0.0,0.0,1.0
0.0,1.0,0.0,1.0,0.0,1.0,1.0,1.0,0.0,1.0,0.0
0.0,1.0,0.0,1.0,0.0,1.0,1.0,1.0,0.0,1.0,1.0
0.0,1.0,0.0,1.0,0.0,1.0,1.0,1.0,1.0,0.0,0.0
0.0,1.0,0.0,1.0,0.0,1.0,1.0,1.0,1.0,0.0,1.0
0.0,1.0,0.0,1.0,0.0,1.0,1.0,1.0,1.0,1.0,0.0
0.0,1.0,0.0,1.0,0.0,1.0,1.0,1.0,1.0,1.0,1.0
0.0,1.0,0.0,1.0,1.0,0.0,0.0,0.0,0.0,0.0,0.0
0.0,1.0,0.0,1.0,1.0,0.0,0.0,0.0,0.0,0.0,1.0
0.0,1.0,0.0,1.0,1.0,0.0,0.0,0.0,0.0,1.0,0.0
0.0,1.0,0.0,1.0,1.0,0.0,0.0,0.0,0.0,1.0,1.0
0.0,1.0,0.0,1.0,1.0,0.0,0.0,0.0,1.0,0.0,0.0
0.0,1.0,0.0,1.0,1.0,0.0,0.0,0.0,1.0,0.0,1.0
0.0,1.0,0.0,1.0,1.0,0.0,0.0,0.0,1.0,1.0,0.0
0.0,1.0,0.0,1.0,1.0,0.0,0.0,0.0,1.0,1.0,1.0
0.0,1.0,0.0,1.0,1.0,0.0,0.0,1.0,0.0,0.0,0.0
0.0,1.0,0.0,1.0,1.0,0.0,0.0,1.0,0.0,0.0,1.0
0.0,1.0,0.0,1.0,1.0,0.0,0.0,1.0,0.0,1.0,0.0
0.0,1.0,0.0,1.0,1.0,0.0,0.0,1.0,0.0,1.0,1.0
0.0,1.0,0.0,1.0,1.0,0.0,0.0,1.0,1.0,0.0,0.0
0.0,1.0,0.0,1.0,1.0,0.0,0.0,1.0,1.0,0.0,1.0
0.0,1.0,0.0,1.0,1.0,0.0,0.0,1.0,1.0,1.0,0.0
0.0,1.0,0.0,1.0,1.0,0.0,0.0,1.0,1.0,1.0,1.0
0.0,1.0,0.0,1.0,1.0,0.0,1.0,0.0,0.0,0.0,0.0
0.0,1.0,0.0,1.0,1.0,0.0,1.0,0.0,0.0,0.0,1.0
0.0,1.0,0.0,1.0,1.0,0.0,1.0,0.0,0.0,1.0,0.0
0.0,1.0,0.0,1.0,1.0,0.0,1.0,0.0,0.0,1.0,1.0
0.0,1.0,0.0,1.0,1.0,0.0,1.0,0.0,1.0,0.0,0.0
0.0,1.0,0.0,1.0,1.0,0.0,1.0,0.0,1.0,0.0,1.0
0.0,1.0,0.0,1.0,1.0,0.0,1.0,0.0,1.0,1.0,0.0
0.0,1.0,0.0,1.0,1.0,0.0,1.0,0.0,1.0,1.0,1.0
0.0,1.0,0.0,1.0,1.0,0.0,1.0,1.0,0.0,0.0,0.0
0.0,1.0,0.0,1.0,1.0,0.0,1.0,1.0,0.0,0.0,1.0
0.0,1.0,0.0,1.0,1.0,0.0,1.0,1.0,0.0,1.0,0.0
0.0,1.0,0.0,1.0,1.0,0.0,1.0,1.0,0.0,1.0,1.0
0.0,1.0,0.0,1.0,1.0,0.0,1.0,1.0,1.0,0.0,0.0
0.0,1.0,0.0,1.0,1.0,0.0,1.0,1.0,1.0,0.0,1.0
0.0,1.0,0.0,1.0,1.0,0.0,1.0,1.0,1.0,1.0,0.0
0.0,1.0,0.0,1.0,1.0,0.0,1.0,1.0,1.0,1.0,1.0
0.0,1.0,0.0,1.0,1.0,1.0,0.0,0.0,0.0,0.0,0.0
0.0,1.0,0.0,1.0,1.0,1.0,0.0,0.0,0.0,0.0,1.0
0.0,1.0,0.0,1.0,1.0,1.0,0.0,0.0,0.0,1.0,0.0
0.0,1.0,0.0,1.0,1.0,1.0,0.0,0.0,0.0,1.0,1.0
0.0,1.0,0.0,1.0,1.0,1.0,0.0,0.0,1.0,0.0,0.0
0.0,1.0,0.0,1.0,1.0,1.0,0.0,0.0,1.0,0.0,1.0
0.0,1.0,0.0,1.0,1.0,1.0,0.0,0.0,1.0,1.0,0.0
0.0,1.0,0.0,1.0,1.0,1.0,0.0,0.0,1.0,1.0,1.0
0.0,1.0,0.0,1.0,1.0,1.0,0.0,1.0,0.0,0.0,0.0
0.0,1.0,0.0,1.0,1.0,1.0,0.0,1.0,0.0,0.0,1.0
0.0,1.0,0.0,1.0,1.0,1.0,0.0,1.0,0.0,1.0,0.0
0.0,1.0,0.0,1.0,1.0,1.0,0.0,1.0,0.0,1.0,1.0
0.0,1.0,0.0,1.0,1.0,1.0,0.0,1.0,1.0,0.0,0.0
0.0,1.0,0.0,1.0,1.0,1.0,0.0,1.0,1.0,0.0,1.0
0.0,1.0,0.0,1.0,1.0,1.0,0.0,1.0,1.0,1.0,0.0
0.0,1.0,0.0,1.0,1.0,1.0,0.0,1.0,1.0,1.0,1.0
0.0,1.0,0.0,1.0,1.0,1.0,1.0,0.0,0.0,0.0,0.0
0.0,1.0,0.0,1.0,1.0,1.0,1.0,0.0,0.0,0.0,1.0
0.0,1.0,0.0,1.0,1.0,1.0,1.0,0.0,0.0,1.0,0.0
0.0,1.0,0.0,1.0,1.0,1.0,1.0,0.0,0.0,1.0,1.0
0.0,1.0,0.0,1.0,1.0,1.0,1.0,0.0,1.0,0.0,0.0
0.0,1.0,0.0,1.0,1.0,1.0,1.0,0.0,1.0,0.0,1.0
0.0,1.0,0.0,1.0,1.0,1.0,1.0,0.0,1.0,1.0,0.0
0.0,1.0,0.0,1.0,1.0,1.0,1.0,0.0,1.0,1.0,1.0
0.0,1.0,0.0,1.0,1.0,1.0,1.0,1.0,0.0,0.0,0.0
0.0,1.0,0.0,1.0,1.0,1.0,1.0,1.0,0.0,0.0,1.0
0.0,1.0,0.0,1.0,1.0,1.0,1.0,1.0,0.0,1.0,0.0
0.0,1.0,0.0,1.0,1.0,1.0,1.0,1.0,0.0,1.0,1.0
0.0,1.0,0.0,1.0,1.0,1.0,1.0,1.0,1.0,0.0,0.0
0.0,1.0,0.0,1.0,1.0,1.0,1.0,1.0,1.0,0.0,1.0
0.0,1.0,0.0,1.0,1.0,1.0,1.0,1.0,1.0,1.0,0.0
0.0,1.0,0.0,1.0,1.0,1.0,1.0,1.0,1.0,1.0,1.0
0.0,1.0,1.0,0.0,0.0,0.0,0.0,0.0,0.0,0.0,0.0
0.0,1.0,1.0,0.0,0.0,0.0,0.0,0.0,0.0,0.0,1.0
0.0,1.0,1.0,0.0,0.0,0.0,0.0,0.0,0.0,1.0,0.0
0.0,1.0,1.0,0.0,0.0,0.0,0.0,0.0,0.0,1.0,1.0
0.0,1.0,1.0,0.0,0.0,0.0,0.0,0.0,1.0,0.0,0.0
0.0,1.0,1.0,0.0,0.0,0.0,0.0,0.0,1.0,0.0,1.0
0.0,1.0,1.0,0.0,0.0,0.0,0.0,0.0,1.0,1.0,0.0
0.0,1.0,1.0,0.0,0.0,0.0,0.0,0.0,1.0,1.0,1.0
0.0,1.0,1.0,0.0,0.0,0.0,0.0,1.0,0.0,0.0,0.0
0.0,1.0,1.0,0.0,0.0,0.0,0.0,1.0,0.0,0.0,1.0
0.0,1.0,1.0,0.0,0.0,0.0,0.0,1.0,0.0,1.0,0.0
0.0,1.0,1.0,0.0,0.0,0.0,0.0,1.0,0.0,1.0,1.0
0.0,1.0,1.0,0.0,0.0,0.0,0.0,1.0,1.0,0.0,0.0
0.0,1.0,1.0,0.0,0.0,0.0,0.0,1.0,1.0,0.0,1.0
0.0,1.0,1.0,0.0,0.0,0.0,0.0,1.0,1.0,1.0,0.0
0.0,1.0,1.0,0.0,0.0,0.0,0.0,1.0,1.0,1.0,1.0
0.0,1.0,1.0,0.0,0.0,0.0,1.0,0.0,0.0,0.0,0.0
0.0,1.0,1.0,0.0,0.0,0.0,1.0,0.0,0.0,0.0,1.0
0.0,1.0,1.0,0.0,0.0,0.0,1.0,0.0,0.0,1.0,0.0
0.0,1.0,1.0,0.0,0.0,0.0,1.0,0.0,0.0,1.0,1.0
0.0,1.0,1.0,0.0,0.0,0.0,1.0,0.0,1.0,0.0,0.0
0.0,1.0,1.0,0.0,0.0,0.0,1.0,0.0,1.0,0.0,1.0
0.0,1.0,1.0,0.0,0.0,0.0,1.0,0.0,1.0,1.0,0.0
0.0,1.0,1.0,0.0,0.0,0.0,1.0,0.0,1.0,1.0,1.0
0.0,1.0,1.0,0.0,0.0,0.0,1.0,1.0,0.0,0.0,0.0
0.0,1.0,1.0,0.0,0.0,0.0,1.0,1.0,0.0,0.0,1.0
0.0,1.0,1.0,0.0,0.0,0.0,1.0,1.0,0.0,1.0,0.0
0.0,1.0,1.0,0.0,0.0,0.0,1.0,1.0,0.0,1.0,1.0
0.0,1.0,1.0,0.0,0.0,0.0,1.0,1.0,1.0,0.0,0.0
0.0,1.0,1.0,0.0,0.0,0.0,1.0,1.0,1.0,0.0,1.0
0.0,1.0,1.0,0.0,0.0,0.0,1.0,1.0,1.0,1.0,0.0
0.0,1.0,1.0,0.0,0.0,0.0,1.0,1.0,1.0,1.0,1.0
0.0,1.0,1.0,0.0,0.0,1.0,0.0,0.0,0.0,0.0,0.0
0.0,1.0,1.0,0.0,0.0,1.0,0.0,0.0,0.0,0.0,1.0
0.0,1.0,1.0,0.0,0.0,1.0,0.0,0.0,0.0,1.0,0.0
0.0,1.0,1.0,0.0,0.0,1.0,0.0,0.0,0.0,1.0,1.0
0.0,1.0,1.0,0.0,0.0,1.0,0.0,0.0,1.0,0.0,0.0
0.0,1.0,1.0,0.0,0.0,1.0,0.0,0.0,1.0,0.0,1.0
0.0,1.0,1.0,0.0,0.0,1.0,0.0,0.0,1.0,1.0,0.0
0.0,1.0,1.0,0.0,0.0,1.0,0.0,0.0,1.0,1.0,1.0
0.0,1.0,1.0,0.0,0.0,1.0,0.0,1.0,0.0,0.0,0.0
0.0,1.0,1.0,0.0,0.0,1.0,0.0,1.0,0.0,0.0,1.0
0.0,1.0,1.0,0.0,0.0,1.0,0.0,1.0,0.0,1.0,0.0
0.0,1.0,1.0,0.0,0.0,1.0,0.0,1.0,0.0,1.0,1.0
0.0,1.0,1.0,0.0,0.0,1.0,0.0,1.0,1.0,0.0,0.0
0.0,1.0,1.0,0.0,0.0,1.0,0.0,1.0,1.0,0.0,1.0
0.0,1.0,1.0,0.0,0.0,1.0,0.0,1.0,1.0,1.0,0.0
0.0,1.0,1.0,0.0,0.0,1.0,0.0,1.0,1.0,1.0,1.0
0.0,1.0,1.0,0.0,0.0,1.0,1.0,0.0,0.0,0.0,0.0
0.0,1.0,1.0,0.0,0.0,1.0,1.0,0.0,0.0,0.0,1.0
0.0,1.0,1.0,0.0,0.0,1.0,1.0,0.0,0.0,1.0,0.0
0.0,1.0,1.0,0.0,0.0,1.0,1.0,0.0,0.0,1.0,1.0
0.0,1.0,1.0,0.0,0.0,1.0,1.0,0.0,1.0,0.0,0.0
0.0,1.0,1.0,0.0,0.0,1.0,1.0,0.0,1.0,0.0,1.0
0.0,1.0,1.0,0.0,0.0,1.0,1.0,0.0,1.0,1.0,0.0
0.0,1.0,1.0,0.0,0.0,1.0,1.0,0.0,1.0,1.0,1.0
0.0,1.0,1.0,0.0,0.0,1.0,1.0,1.0,0.0,0.0,0.0
0.0,1.0,1.0,0.0,0.0,1.0,1.0,1.0,0.0,0.0,1.0
0.0,1.0,1.0,0.0,0.0,1.0,1.0,1.0,0.0,1.0,0.0
0.0,1.0,1.0,0.0,0.0,1.0,1.0,1.0,0.0,1.0,1.0
0.0,1.0,1.0,0.0,0.0,1.0,1.0,1.0,1.0,0.0,0.0
0.0,1.0,1.0,0.0,0.0,1.0,1.0,1.0,1.0,0.0,1.0
0.0,1.0,1.0,0.0,0.0,1.0,1.0,1.0,1.0,1.0,0.0
0.0,1.0,1.0,0.0,0.0,1.0,1.0,1.0,1.0,1.0,1.0
0.0,1.0,1.0,0.0,1.0,0.0,0.0,0.0,0.0,0.0,0.0
0.0,1.0,1.0,0.0,1.0,0.0,0.0,0.0,0.0,0.0,1.0
0.0,1.0,1.0,0.0,1.0,0.0,0.0,0.0,0.0,1.0,0.0
0.0,1.0,1.0,0.0,1.0,0.0,0.0,0.0,0.0,1.0,1.0
0.0,1.0,1.0,0.0,1.0,0.0,0.0,0.0,1.0,0.0,0.0
0.0,1.0,1.0,0.0,1.0,0.0,0.0,0.0,1.0,0.0,1.0
0.0,1.0,1.0,0.0,1.0,0.0,0.0,0.0,1.0,1.0,0.0
0.0,1.0,1.0,0.0,1.0,0.0,0.0,0.0,1.0,1.0,1.0
0.0,1.0,1.0,0.0,1.0,0.0,0.0,1.0,0.0,0.0,0.0
0.0,1.0,1.0,0.0,1.0,0.0,0.0,1.0,0.0,0.0,1.0
0.0,1.0,1.0,0.0,1.0,0.0,0.0,1.0,0.0,1.0,0.0
0.0,1.0,1.0,0.0,1.0,0.0,0.0,1.0,0.0,1.0,1.0
0.0,1.0,1.0,0.0,1.0,0.0,0.0,1.0,1.0,0.0,0.0
0.0,1.0,1.0,0.0,1.0,0.0,0.0,1.0,1.0,0.0,1.0
0.0,1.0,1.0,0.0,1.0,0.0,0.0,1.0,1.0,1.0,0.0
0.0,1.0,1.0,0.0,1.0,0.0,0.0,1.0,1.0,1.0,1.0
0.0,1.0,1.0,0.0,1.0,0.0,1.0,0.0,0.0,0.0,0.0
0.0,1.0,1.0,0.0,1.0,0.0,1.0,0.0,0.0,0.0,1.0
0.0,1.0,1.0,0.0,1.0,0.0,1.0,0.0,0.0,1.0,0.0
0.0,1.0,1.0,0.0,1.0,0.0,1.0,0.0,0.0,1.0,1.0
0.0,1.0,1.0,0.0,1.0,0.0,1.0,0.0,1.0,0.0,0.0
0.0,1.0,1.0,0.0,1.0,0.0,1.0,0.0,1.0,0.0,1.0
0.0,1.0,1.0,0.0,1.0,0.0,1.0,0.0,1.0,1.0,0.0
0.0,1.0,1.0,0.0,1.0,0.0,1.0,0.0,1.0,1.0,1.0
0.0,1.0,1.0,0.0,1.0,0.0,1.0,1.0,0.0,0.0,0.0
0.0,1.0,1.0,0.0,1.0,0.0,1.0,1.0,0.0,0.0,1.0
0.0,1.0,1.0,0.0,1.0,0.0,1.0,1.0,0.0,1.0,0.0
0.0,1.0,1.0,0.0,1.0,0.0,1.0,1.0,0.0,1.0,1.0
0.0,1.0,1.0,0.0,1.0,0.0,1.0,1.0,1.0,0.0,0.0
0.0,1.0,1.0,0.0,1.0,0.0,1.0,1.0,1.0,0.0,1.0
0.0,1.0,1.0,0.0,1.0,0.0,1.0,1.0,1.0,1.0,0.0
0.0,1.0,1.0,0.0,1.0,0.0,1.0,1.0,1.0,1.0,1.0
0.0,1.0,1.0,0.0,1.0,1.0,0.0,0.0,0.0,0.0,0.0
0.0,1.0,1.0,0.0,1.0,1.0,0.0,0.0,0.0,0.0,1.0
0.0,1.0,1.0,0.0,1.0,1.0,0.0,0.0,0.0,1.0,0.0
0.0,1.0,1.0,0.0,1.0,1.0,0.0,0.0,0.0,1.0,1.0
0.0,1.0,1.0,0.0,1.0,1.0,0.0,0.0,1.0,0.0,0.0
0.0,1.0,1.0,0.0,1.0,1.0,0.0,0.0,1.0,0.0,1.0
0.0,1.0,1.0,0.0,1.0,1.0,0.0,0.0,1.0,1.0,0.0
0.0,1.0,1.0,0.0,1.0,1.0,0.0,0.0,1.0,1.0,1.0
0.0,1.0,1.0,0.0,1.0,1.0,0.0,1.0,0.0,0.0,0.0
0.0,1.0,1.0,0.0,1.0,1.0,0.0,1.0,0.0,0.0,1.0
0.0,1.0,1.0,0.0,1.0,1.0,0.0,1.0,0.0,1.0,0.0
0.0,1.0,1.0,0.0,1.0,1.0,0.0,1.0,0.0,1.0,1.0
0.0,1.0,1.0,0.0,1.0,1.0,0.0,1.0,1.0,0.0,0.0
0.0,1.0,1.0,0.0,1.0,1.0,0.0,1.0,1.0,0.0,1.0
0.0,1.0,1.0,0.0,1.0,1.0,0.0,1.0,1.0,1.0,0.0
0.0,1.0,1.0,0.0,1.0,1.0,0.0,1.0,1.0,1.0,1.0
0.0,1.0,1.0,0.0,1.0,1.0,1.0,0.0,0.0,0.0,0.0
0.0,1.0,1.0,0.0,1.0,1.0,1.0,0.0,0.0,0.0,1.0
0.0,1.0,1.0,0.0,1.0,1.0,1.0,0.0,0.0,1.0,0.0
0.0,1.0,1.0,0.0,1.0,1.0,1.0,0.0,0.0,1.0,1.0
0.0,1.0,1.0,0.0,1.0,1.0,1.0,0.0,1.0,0.0,0.0
0.0,1.0,1.0,0.0,1.0,1.0,1.0,0.0,1.0,0.0,1.0
0.0,1.0,1.0,0.0,1.0,1.0,1.0,0.0,1.0,1.0,0.0
0.0,1.0,1.0,0.0,1.0,1.0,1.0,0.0,1.0,1.0,1.0
0.0,1.0,1.0,0.0,1.0,1.0,1.0,1.0,0.0,0.0,0.0
0.0,1.0,1.0,0.0,1.0,1.0,1.0,1.0,0.0,0.0,1.0
0.0,1.0,1.0,0.0,1.0,1.0,1.0,1.0,0.0,1.0,0.0
0.0,1.0,1.0,0.0,1.0,1.0,1.0,1.0,0.0,1.0,1.0
0.0,1.0,1.0,0.0,1.0,1.0,1.0,1.0,1.0,0.0,0.0
0.0,1.0,1.0,0.0,1.0,1.0,1.0,1.0,1.0,0.0,1.0
0.0,1.0,1.0,0.0,1.0,1.0,1.0,1.0,1.0,1.0,0.0
0.0,1.0,1.0,0.0,1.0,1.0,1.0,1.0,1.0,1.0,1.0
0.0,1.0,1.0,1.0,0.0,0.0,0.0,0.0,0.0,0.0,0.0
0.0,1.0,1.0,1.0,0.0,0.0,0.0,0.0,0.0,0.0,1.0
0.0,1.0,1.0,1.0,0.0,0.0,0.0,0.0,0.0,1.0,0.0
0.0,1.0,1.0,1.0,0.0,0.0,0.0,0.0,0.0,1.0,1.0
0.0,1.0,1.0,1.0,0.0,0.0,0.0,0.0,1.0,0.0,0.0
0.0,1.0,1.0,1.0,0.0,0.0,0.0,0.0,1.0,0.0,1.0
0.0,1.0,1.0,1.0,0.0,0.0,0.0,0.0,1.0,1.0,0.0
0.0,1.0,1.0,1.0,0.0,0.0,0.0,0.0,1.0,1.0,1.0
0.0,1.0,1.0,1.0,0.0,0.0,0.0,1.0,0.0,0.0,0.0
0.0,1.0,1.0,1.0,0.0,0.0,0.0,1.0,0.0,0.0,1.0
0.0,1.0,1.0,1.0,0.0,0.0,0.0,1.0,0.0,1.0,0.0
0.0,1.0,1.0,1.0,0.0,0.0,0.0,1.0,0.0,1.0,1.0
0.0,1.0,1.0,1.0,0.0,0.0,0.0,1.0,1.0,0.0,0.0
0.0,1.0,1.0,1.0,0.0,0.0,0.0,1.0,1.0,0.0,1.0
0.0,1.0,1.0,1.0,0.0,0.0,0.0,1.0,1.0,1.0,0.0
0.0,1.0,1.0,1.0,0.0,0.0,0.0,1.0,1.0,1.0,1.0
0.0,1.0,1.0,1.0,0.0,0.0,1.0,0.0,0.0,0.0,0.0
0.0,1.0,1.0,1.0,0.0,0.0,1.0,0.0,0.0,0.0,1.0
0.0,1.0,1.0,1.0,0.0,0.0,1.0,0.0,0.0,1.0,0.0
0.0,1.0,1.0,1.0,0.0,0.0,1.0,0.0,0.0,1.0,1.0
0.0,1.0,1.0,1.0,0.0,0.0,1.0,0.0,1.0,0.0,0.0
0.0,1.0,1.0,1.0,0.0,0.0,1.0,0.0,1.0,0.0,1.0
0.0,1.0,1.0,1.0,0.0,0.0,1.0,0.0,1.0,1.0,0.0
0.0,1.0,1.0,1.0,0.0,0.0,1.0,0.0,1.0,1.0,1.0
0.0,1.0,1.0,1.0,0.0,0.0,1.0,1.0,0.0,0.0,0.0
0.0,1.0,1.0,1.0,0.0,0.0,1.0,1.0,0.0,0.0,1.0
0.0,1.0,1.0,1.0,0.0,0.0,1.0,1.0,0.0,1.0,0.0
0.0,1.0,1.0,1.0,0.0,0.0,1.0,1.0,0.0,1.0,1.0
0.0,1.0,1.0,1.0,0.0,0.0,1.0,1.0,1.0,0.0,0.0
0.0,1.0,1.0,1.0,0.0,0.0,1.0,1.0,1.0,0.0,1.0
0.0,1.0,1.0,1.0,0.0,0.0,1.0,1.0,1.0,1.0,0.0
0.0,1.0,1.0,1.0,0.0,0.0,1.0,1.0,1.0,1.0,1.0
0.0,1.0,1.0,1.0,0.0,1.0,0.0,0.0,0.0,0.0,0.0
0.0,1.0,1.0,1.0,0.0,1.0,0.0,0.0,0.0,0.0,1.0
0.0,1.0,1.0,1.0,0.0,1.0,0.0,0.0,0.0,1.0,0.0
0.0,1.0,1.0,1.0,0.0,1.0,0.0,0.0,0.0,1.0,1.0
0.0,1.0,1.0,1.0,0.0,1.0,0.0,0.0,1.0,0.0,0.0
0.0,1.0,1.0,1.0,0.0,1.0,0.0,0.0,1.0,0.0,1.0
0.0,1.0,1.0,1.0,0.0,1.0,0.0,0.0,1.0,1.0,0.0
0.0,1.0,1.0,1.0,0.0,1.0,0.0,0.0,1.0,1.0,1.0
0.0,1.0,1.0,1.0,0.0,1.0,0.0,1.0,0.0,0.0,0.0
0.0,1.0,1.0,1.0,0.0,1.0,0.0,1.0,0.0,0.0,1.0
0.0,1.0,1.0,1.0,0.0,1.0,0.0,1.0,0.0,1.0,0.0
0.0,1.0,1.0,1.0,0.0,1.0,0.0,1.0,0.0,1.0,1.0
0.0,1.0,1.0,1.0,0.0,1.0,0.0,1.0,1.0,0.0,0.0
0.0,1.0,1.0,1.0,0.0,1.0,0.0,1.0,1.0,0.0,1.0
0.0,1.0,1.0,1.0,0.0,1.0,0.0,1.0,1.0,1.0,0.0
0.0,1.0,1.0,1.0,0.0,1.0,0.0,1.0,1.0,1.0,1.0
0.0,1.0,1.0,1.0,0.0,1.0,1.0,0.0,0.0,0.0,0.0
0.0,1.0,1.0,1.0,0.0,1.0,1.0,0.0,0.0,0.0,1.0
0.0,1.0,1.0,1.0,0.0,1.0,1.0,0.0,0.0,1.0,0.0
0.0,1.0,1.0,1.0,0.0,1.0,1.0,0.0,0.0,1.0,1.0
0.0,1.0,1.0,1.0,0.0,1.0,1.0,0.0,1.0,0.0,0.0
0.0,1.0,1.0,1.0,0.0,1.0,1.0,0.0,1.0,0.0,1.0
0.0,1.0,1.0,1.0,0.0,1.0,1.0,0.0,1.0,1.0,0.0
0.0,1.0,1.0,1.0,0.0,1.0,1.0,0.0,1.0,1.0,1.0
0.0,1.0,1.0,1.0,0.0,1.0,1.0,1.0,0.0,0.0,0.0
0.0,1.0,1.0,1.0,0.0,1.0,1.0,1.0,0.0,0.0,1.0
0.0,1.0,1.0,1.0,0.0,1.0,1.0,1.0,0.0,1.0,0.0
0.0,1.0,1.0,1.0,0.0,1.0,1.0,1.0,0.0,1.0,1.0
0.0,1.0,1.0,1.0,0.0,1.0,1.0,1.0,1.0,0.0,0.0
0.0,1.0,1.0,1.0,0.0,1.0,1.0,1.0,1.0,0.0,1.0
0.0,1.0,1.0,1.0,0.0,1.0,1.0,1.0,1.0,1.0,0.0
0.0,1.0,1.0,1.0,0.0,1.0,1.0,1.0,1.0,1.0,1.0
0.0,1.0,1.0,1.0,1.0,0.0,0.0,0.0,0.0,0.0,0.0
0.0,1.0,1.0,1.0,1.0,0.0,0.0,0.0,0.0,0.0,1.0
0.0,1.0,1.0,1.0,1.0,0.0,0.0,0.0,0.0,1.0,0.0
0.0,1.0,1.0,1.0,1.0,0.0,0.0,0.0,0.0,1.0,1.0
0.0,1.0,1.0,1.0,1.0,0.0,0.0,0.0,1.0,0.0,0.0
0.0,1.0,1.0,1.0,1.0,0.0,0.0,0.0,1.0,0.0,1.0
0.0,1.0,1.0,1.0,1.0,0.0,0.0,0.0,1.0,1.0,0.0
0.0,1.0,1.0,1.0,1.0,0.0,0.0,0.0,1.0,1.0,1.0
0.0,1.0,1.0,1.0,1.0,0.0,0.0,1.0,0.0,0.0,0.0
0.0,1.0,1.0,1.0,1.0,0.0,0.0,1.0,0.0,0.0,1.0
0.0,1.0,1.0,1.0,1.0,0.0,0.0,1.0,0.0,1.0,0.0
0.0,1.0,1.0,1.0,1.0,0.0,0.0,1.0,0.0,1.0,1.0
0.0,1.0,1.0,1.0,1.0,0.0,0.0,1.0,1.0,0.0,0.0
0.0,1.0,1.0,1.0,1.0,0.0,0.0,1.0,1.0,0.0,1.0
0.0,1.0,1.0,1.0,1.0,0.0,0.0,1.0,1.0,1.0,0.0
0.0,1.0,1.0,1.0,1.0,0.0,0.0,1.0,1.0,1.0,1.0
0.0,1.0,1.0,1.0,1.0,0.0,1.0,0.0,0.0,0.0,0.0
0.0,1.0,1.0,1.0,1.0,0.0,1.0,0.0,0.0,0.0,1.0
0.0,1.0,1.0,1.0,1.0,0.0,1.0,0.0,0.0,1.0,0.0
0.0,1.0,1.0,1.0,1.0,0.0,1.0,0.0,0.0,1.0,1.0
0.0,1.0,1.0,1.0,1.0,0.0,1.0,0.0,1.0,0.0,0.0
0.0,1.0,1.0,1.0,1.0,0.0,1.0,0.0,1.0,0.0,1.0
0.0,1.0,1.0,1.0,1.0,0.0,1.0,0.0,1.0,1.0,0.0
0.0,1.0,1.0,1.0,1.0,0.0,1.0,0.0,1.0,1.0,1.0
0.0,1.0,1.0,1.0,1.0,0.0,1.0,1.0,0.0,0.0,0.0
0.0,1.0,1.0,1.0,1.0,0.0,1.0,1.0,0.0,0.0,1.0
0.0,1.0,1.0,1.0,1.0,0.0,1.0,1.0,0.0,1.0,0.0
0.0,1.0,1.0,1.0,1.0,0.0,1.0,1.0,0.0,1.0,1.0
0.0,1.0,1.0,1.0,1.0,0.0,1.0,1.0,1.0,0.0,0.0
0.0,1.0,1.0,1.0,1.0,0.0,1.0,1.0,1.0,0.0,1.0
0.0,1.0,1.0,1.0,1.0,0.0,1.0,1.0,1.0,1.0,0.0
0.0,1.0,1.0,1.0,1.0,0.0,1.0,1.0,1.0,1.0,1.0
0.0,1.0,1.0,1.0,1.0,1.0,0.0,0.0,0.0,0.0,0.0
0.0,1.0,1.0,1.0,1.0,1.0,0.0,0.0,0.0,0.0,1.0
0.0,1.0,1.0,1.0,1.0,1.0,0.0,0.0,0.0,1.0,0.0
0.0,1.0,1.0,1.0,1.0,1.0,0.0,0.0,0.0,1.0,1.0
0.0,1.0,1.0,1.0,1.0,1.0,0.0,0.0,1.0,0.0,0.0
0.0,1.0,1.0,1.0,1.0,1.0,0.0,0.0,1.0,0.0,1.0
0.0,1.0,1.0,1.0,1.0,1.0,0.0,0.0,1.0,1.0,0.0
0.0,1.0,1.0,1.0,1.0,1.0,0.0,0.0,1.0,1.0,1.0
0.0,1.0,1.0,1.0,1.0,1.0,0.0,1.0,0.0,0.0,0.0
0.0,1.0,1.0,1.0,1.0,1.0,0.0,1.0,0.0,0.0,1.0
0.0,1.0,1.0,1.0,1.0,1.0,0.0,1.0,0.0,1.0,0.0
0.0,1.0,1.0,1.0,1.0,1.0,0.0,1.0,0.0,1.0,1.0
0.0,1.0,1.0,1.0,1.0,1.0,0.0,1.0,1.0,0.0,0.0
0.0,1.0,1.0,1.0,1.0,1.0,0.0,1.0,1.0,0.0,1.0
0.0,1.0,1.0,1.0,1.0,1.0,0.0,1.0,1.0,1.0,0.0
0.0,1.0,1.0,1.0,1.0,1.0,0.0,1.0,1.0,1.0,1.0
0.0,1.0,1.0,1.0,1.0,1.0,1.0,0.0,0.0,0.0,0.0
0.0,1.0,1.0,1.0,1.0,1.0,1.0,0.0,0.0,0.0,1.0
0.0,1.0,1.0,1.0,1.0,1.0,1.0,0.0,0.0,1.0,0.0
0.0,1.0,1.0,1.0,1.0,1.0,1.0,0.0,0.0,1.0,1.0
0.0,1.0,1.0,1.0,1.0,1.0,1.0,0.0,1.0,0.0,0.0
0.0,1.0,1.0,1.0,1.0,1.0,1.0,0.0,1.0,0.0,1.0
0.0,1.0,1.0,1.0,1.0,1.0,1.0,0.0,1.0,1.0,0.0
0.0,1.0,1.0,1.0,1.0,1.0,1.0,0.0,1.0,1.0,1.0
0.0,1.0,1.0,1.0,1.0,1.0,1.0,1.0,0.0,0.0,0.0
0.0,1.0,1.0,1.0,1.0,1.0,1.0,1.0,0.0,0.0,1.0
0.0,1.0,1.0,1.0,1.0,1.0,1.0,1.0,0.0,1.0,0.0
0.0,1.0,1.0,1.0,1.0,1.0,1.0,1.0,0.0,1.0,1.0
0.0,1.0,1.0,1.0,1.0,1.0,1.0,1.0,1.0,0.0,0.0
0.0,1.0,1.0,1.0,1.0,1.0,1.0,1.0,1.0,0.0,1.0
0.0,1.0,1.0,1.0,1.0,1.0,1.0,1.0,1.0,1.0,0.0
0.0,1.0,1.0,1.0,1.0,1.0,1.0,1.0,1.0,1.0,1.0
1.0,0.0,0.0,0.0,0.0,0.0,0.0,0.0,0.0,0.0,0.0
1.0,0.0,0.0,0.0,0.0,0.0,0.0,0.0,0.0,0.0,1.0
1.0,0.0,0.0,0.0,0.0,0.0,0.0,0.0,0.0,1.0,0.0
1.0,0.0,0.0,0.0,0.0,0.0,0.0,0.0,0.0,1.0,1.0
1.0,0.0,0.0,0.0,0.0,0.0,0.0,0.0,1.0,0.0,0.0
1.0,0.0,0.0,0.0,0.0,0.0,0.0,0.0,1.0,0.0,1.0
1.0,0.0,0.0,0.0,0.0,0.0,0.0,0.0,1.0,1.0,0.0
1.0,0.0,0.0,0.0,0.0,0.0,0.0,0.0,1.0,1.0,1.0
1.0,0.0,0.0,0.0,0.0,0.0,0.0,1.0,0.0,0.0,0.0
1.0,0.0,0.0,0.0,0.0,0.0,0.0,1.0,0.0,0.0,1.0
1.0,0.0,0.0,0.0,0.0,0.0,0.0,1.0,0.0,1.0,0.0
1.0,0.0,0.0,0.0,0.0,0.0,0.0,1.0,0.0,1.0,1.0
1.0,0.0,0.0,0.0,0.0,0.0,0.0,1.0,1.0,0.0,0.0
1.0,0.0,0.0,0.0,0.0,0.0,0.0,1.0,1.0,0.0,1.0
1.0,0.0,0.0,0.0,0.0,0.0,0.0,1.0,1.0,1.0,0.0
1.0,0.0,0.0,0.0,0.0,0.0,0.0,1.0,1.0,1.0,1.0
1.0,0.0,0.0,0.0,0.0,0.0,1.0,0.0,0.0,0.0,0.0
1.0,0.0,0.0,0.0,0.0,0.0,1.0,0.0,0.0,0.0,1.0
1.0,0.0,0.0,0.0,0.0,0.0,1.0,0.0,0.0,1.0,0.0
1.0,0.0,0.0,0.0,0.0,0.0,1.0,0.0,0.0,1.0,1.0
1.0,0.0,0.0,0.0,0.0,0.0,1.0,0.0,1.0,0.0,0.0
1.0,0.0,0.0,0.0,0.0,0.0,1.0,0.0,1.0,0.0,1.0
1.0,0.0,0.0,0.0,0.0,0.0,1.0,0.0,1.0,1.0,0.0
1.0,0.0,0.0,0.0,0.0,0.0,1.0,0.0,1.0,1.0,1.0
1.0,0.0,0.0,0.0,0.0,0.0,1.0,1.0,0.0,0.0,0.0
1.0,0.0,0.0,0.0,0.0,0.0,1.0,1.0,0.0,0.0,1.0
1.0,0.0,0.0,0.0,0.0,0.0,1.0,1.0,0.0,1.0,0.0
1.0,0.0,0.0,0.0,0.0,0.0,1.0,1.0,0.0,1.0,1.0
1.0,0.0,0.0,0.0,0.0,0.0,1.0,1.0,1.0,0.0,0.0
1.0,0.0,0.0,0.0,0.0,0.0,1.0,1.0,1.0,0.0,1.0
1.0,0.0,0.0,0.0,0.0,0.0,1.0,1.0,1.0,1.0,0.0
1.0,0.0,0.0,0.0,0.0,0.0,1.0,1.0,1.0,1.0,1.0
1.0,0.0,0.0,0.0,0.0,1.0,0.0,0.0,0.0,0.0,0.0
1.0,0.0,0.0,0.0,0.0,1.0,0.0,0.0,0.0,0.0,1.0
1.0,0.0,0.0,0.0,0.0,1.0,0.0,0.0,0.0,1.0,0.0
1.0,0.0,0.0,0.0,0.0,1.0,0.0,0.0,0.0,1.0,1.0
1.0,0.0,0.0,0.0,0.0,1.0,0.0,0.0,1.0,0.0,0.0
1.0,0.0,0.0,0.0,0.0,1.0,0.0,0.0,1.0,0.0,1.0
1.0,0.0,0.0,0.0,0.0,1.0,0.0,0.0,1.0,1.0,0.0
1.0,0.0,0.0,0.0,0.0,1.0,0.0,0.0,1.0,1.0,1.0
1.0,0.0,0.0,0.0,0.0,1.0,0.0,1.0,0.0,0.0,0.0
1.0,0.0,0.0,0.0,0.0,1.0,0.0,1.0,0.0,0.0,1.0
1.0,0.0,0.0,0.0,0.0,1.0,0.0,1.0,0.0,1.0,0.0
1.0,0.0,0.0,0.0,0.0,1.0,0.0,1.0,0.0,1.0,1.0
1.0,0.0,0.0,0.0,0.0,1.0,0.0,1.0,1.0,0.0,0.0
1.0,0.0,0.0,0.0,0.0,1.0,0.0,1.0,1.0,0.0,1.0
1.0,0.0,0.0,0.0,0.0,1.0,0.0,1.0,1.0,1.0,0.0
1.0,0.0,0.0,0.0,0.0,1.0,0.0,1.0,1.0,1.0,1.0
1.0,0.0,0.0,0.0,0.0,1.0,1.0,0.0,0.0,0.0,0.0
1.0,0.0,0.0,0.0,0.0,1.0,1.0,0.0,0.0,0.0,1.0
1.0,0.0,0.0,0.0,0.0,1.0,1.0,0.0,0.0,1.0,0.0
1.0,0.0,0.0,0.0,0.0,1.0,1.0,0.0,0.0,1.0,1.0
1.0,0.0,0.0,0.0,0.0,1.0,1.0,0.0,1.0,0.0,0.0
1.0,0.0,0.0,0.0,0.0,1.0,1.0,0.0,1.0,0.0,1.0
1.0,0.0,0.0,0.0,0.0,1.0,1.0,0.0,1.0,1.0,0.0
1.0,0.0,0.0,0.0,0.0,1.0,1.0,0.0,1.0,1.0,1.0
1.0,0.0,0.0,0.0,0.0,1.0,1.0,1.0,0.0,0.0,0.0
1.0,0.0,0.0,0.0,0.0,1.0,1.0,1.0,0.0,0.0,1.0
1.0,0.0,0.0,0.0,0.0,1.0,1.0,1.0,0.0,1.0,0.0
1.0,0.0,0.0,0.0,0.0,1.0,1.0,1.0,0.0,1.0,1.0
1.0,0.0,0.0,0.0,0.0,1.0,1.0,1.0,1.0,0.0,0.0
1.0,0.0,0.0,0.0,0.0,1.0,1.0,1.0,1.0,0.0,1.0
1.0,0.0,0.0,0.0,0.0,1.0,1.0,1.0,1.0,1.0,0.0
1.0,0.0,0.0,0.0,0.0,1.0,1.0,1.0,1.0,1.0,1.0
1.0,0.0,0.0,0.0,1.0,0.0,0.0,0.0,0.0,0.0,0.0
1.0,0.0,0.0,0.0,1.0,0.0,0.0,0.0,0.0,0.0,1.0
1.0,0.0,0.0,0.0,1.0,0.0,0.0,0.0,0.0,1.0,0.0
1.0,0.0,0.0,0.0,1.0,0.0,0.0,0.0,0.0,1.0,1.0
1.0,0.0,0.0,0.0,1.0,0.0,0.0,0.0,1.0,0.0,0.0
1.0,0.0,0.0,0.0,1.0,0.0,0.0,0.0,1.0,0.0,1.0
1.0,0.0,0.0,0.0,1.0,0.0,0.0,0.0,1.0,1.0,0.0
1.0,0.0,0.0,0.0,1.0,0.0,0.0,0.0,1.0,1.0,1.0
1.0,0.0,0.0,0.0,1.0,0.0,0.0,1.0,0.0,0.0,0.0
1.0,0.0,0.0,0.0,1.0,0.0,0.0,1.0,0.0,0.0,1.0
1.0,0.0,0.0,0.0,1.0,0.0,0.0,1.0,0.0,1.0,0.0
1.0,0.0,0.0,0.0,1.0,0.0,0.0,1.0,0.0,1.0,1.0
1.0,0.0,0.0,0.0,1.0,0.0,0.0,1.0,1.0,0.0,0.0
1.0,0.0,0.0,0.0,1.0,0.0,0.0,1.0,1.0,0.0,1.0
1.0,0.0,0.0,0.0,1.0,0.0,0.0,1.0,1.0,1.0,0.0
1.0,0.0,0.0,0.0,1.0,0.0,0.0,1.0,1.0,1.0,1.0
1.0,0.0,0.0,0.0,1.0,0.0,1.0,0.0,0.0,0.0,0.0
1.0,0.0,0.0,0.0,1.0,0.0,1.0,0.0,0.0,0.0,1.0
1.0,0.0,0.0,0.0,1.0,0.0,1.0,0.0,0.0,1.0,0.0
1.0,0.0,0.0,0.0,1.0,0.0,1.0,0.0,0.0,1.0,1.0
1.0,0.0,0.0,0.0,1.0,0.0,1.0,0.0,1.0,0.0,0.0
1.0,0.0,0.0,0.0,1.0,0.0,1.0,0.0,1.0,0.0,1.0
1.0,0.0,0.0,0.0,1.0,0.0,1.0,0.0,1.0,1.0,0.0
1.0,0.0,0.0,0.0,1.0,0.0,1.0,0.0,1.0,1.0,1.0
1.0,0.0,0.0,0.0,1.0,0.0,1.0,1.0,0.0,0.0,0.0
1.0,0.0,0.0,0.0,1.0,0.0,1.0,1.0,0.0,0.0,1.0
1.0,0.0,0.0,0.0,1.0,0.0,1.0,1.0,0.0,1.0,0.0
1.0,0.0,0.0,0.0,1.0,0.0,1.0,1.0,0.0,1.0,1.0
1.0,0.0,0.0,0.0,1.0,0.0,1.0,1.0,1.0,0.0,0.0
1.0,0.0,0.0,0.0,1.0,0.0,1.0,1.0,1.0,0.0,1.0
1.0,0.0,0.0,0.0,1.0,0.0,1.0,1.0,1.0,1.0,0.0
1.0,0.0,0.0,0.0,1.0,0.0,1.0,1.0,1.0,1.0,1.0
1.0,0.0,0.0,0.0,1.0,1.0,0.0,0.0,0.0,0.0,0.0
1.0,0.0,0.0,0.0,1.0,1.0,0.0,0.0,0.0,0.0,1.0
1.0,0.0,0.0,0.0,1.0,1.0,0.0,0.0,0.0,1.0,0.0
1.0,0.0,0.0,0.0,1.0,1.0,0.0,0.0,0.0,1.0,1.0
1.0,0.0,0.0,0.0,1.0,1.0,0.0,0.0,1.0,0.0,0.0
1.0,0.0,0.0,0.0,1.0,1.0,0.0,0.0,1.0,0.0,1.0
1.0,0.0,0.0,0.0,1.0,1.0,0.0,0.0,1.0,1.0,0.0
1.0,0.0,0.0,0.0,1.0,1.0,0.0,0.0,1.0,1.0,1.0
1.0,0.0,0.0,0.0,1.0,1.0,0.0,1.0,0.0,0.0,0.0
1.0,0.0,0.0,0.0,1.0,1.0,0.0,1.0,0.0,0.0,1.0
1.0,0.0,0.0,0.0,1.0,1.0,0.0,1.0,0.0,1.0,0.0
1.0,0.0,0.0,0.0,1.0,1.0,0.0,1.0,0.0,1.0,1.0
1.0,0.0,0.0,0.0,1.0,1.0,0.0,1.0,1.0,0.0,0.0
1.0,0.0,0.0,0.0,1.0,1.0,0.0,1.0,1.0,0.0,1.0
1.0,0.0,0.0,0.0,1.0,1.0,0.0,1.0,1.0,1.0,0.0
1.0,0.0,0.0,0.0,1.0,1.0,0.0,1.0,1.0,1.0,1.0
1.0,0.0,0.0,0.0,1.0,1.0,1.0,0.0,0.0,0.0,0.0
1.0,0.0,0.0,0.0,1.0,1.0,1.0,0.0,0.0,0.0,1.0
1.0,0.0,0.0,0.0,1.0,1.0,1.0,0.0,0.0,1.0,0.0
1.0,0.0,0.0,0.0,1.0,1.0,1.0,0.0,0.0,1.0,1.0
1.0,0.0,0.0,0.0,1.0,1.0,1.0,0.0,1.0,0.0,0.0
1.0,0.0,0.0,0.0,1.0,1.0,1.0,0.0,1.0,0.0,1.0
1.0,0.0,0.0,0.0,1.0,1.0,1.0,0.0,1.0,1.0,0.0
1.0,0.0,0.0,0.0,1.0,1.0,1.0,0.0,1.0,1.0,1.0
1.0,0.0,0.0,0.0,1.0,1.0,1.0,1.0,0.0,0.0,0.0
1.0,0.0,0.0,0.0,1.0,1.0,1.0,1.0,0.0,0.0,1.0
1.0,0.0,0.0,0.0,1.0,1.0,1.0,1.0,0.0,1.0,0.0
1.0,0.0,0.0,0.0,1.0,1.0,1.0,1.0,0.0,1.0,1.0
1.0,0.0,0.0,0.0,1.0,1.0,1.0,1.0,1.0,0.0,0.0
1.0,0.0,0.0,0.0,1.0,1.0,1.0,1.0,1.0,0.0,1.0
1.0,0.0,0.0,0.0,1.0,1.0,1.0,1.0,1.0,1.0,0.0
1.0,0.0,0.0,0.0,1.0,1.0,1.0,1.0,1.0,1.0,1.0
1.0,0.0,0.0,1.0,0.0,0.0,0.0,0.0,0.0,0.0,0.0
1.0,0.0,0.0,1.0,0.0,0.0,0.0,0.0,0.0,0.0,1.0
1.0,0.0,0.0,1.0,0.0,0.0,0.0,0.0,0.0,1.0,0.0
1.0,0.0,0.0,1.0,0.0,0.0,0.0,0.0,0.0,1.0,1.0
1.0,0.0,0.0,1.0,0.0,0.0,0.0,0.0,1.0,0.0,0.0
1.0,0.0,0.0,1.0,0.0,0.0,0.0,0.0,1.0,0.0,1.0
1.0,0.0,0.0,1.0,0.0,0.0,0.0,0.0,1.0,1.0,0.0
1.0,0.0,0.0,1.0,0.0,0.0,0.0,0.0,1.0,1.0,1.0
1.0,0.0,0.0,1.0,0.0,0.0,0.0,1.0,0.0,0.0,0.0
1.0,0.0,0.0,1.0,0.0,0.0,0.0,1.0,0.0,0.0,1.0
1.0,0.0,0.0,1.0,0.0,0.0,0.0,1.0,0.0,1.0,0.0
1.0,0.0,0.0,1.0,0.0,0.0,0.0,1.0,0.0,1.0,1.0
1.0,0.0,0.0,1.0,0.0,0.0,0.0,1.0,1.0,0.0,0.0
1.0,0.0,0.0,1.0,0.0,0.0,0.0,1.0,1.0,0.0,1.0
1.0,0.0,0.0,1.0,0.0,0.0,0.0,1.0,1.0,1.0,0.0
1.0,0.0,0.0,1.0,0.0,0.0,0.0,1.0,1.0,1.0,1.0
1.0,0.0,0.0,1.0,0.0,0.0,1.0,0.0,0.0,0.0,0.0
1.0,0.0,0.0,1.0,0.0,0.0,1.0,0.0,0.0,0.0,1.0
1.0,0.0,0.0,1.0,0.0,0.0,1.0,0.0,0.0,1.0,0.0
1.0,0.0,0.0,1.0,0.0,0.0,1.0,0.0,0.0,1.0,1.0
1.0,0.0,0.0,1.0,0.0,0.0,1.0,0.0,1.0,0.0,0.0
1.0,0.0,0.0,1.0,0.0,0.0,1.0,0.0,1.0,0.0,1.0
1.0,0.0,0.0,1.0,0.0,0.0,1.0,0.0,1.0,1.0,0.0
1.0,0.0,0.0,1.0,0.0,0.0,1.0,0.0,1.0,1.0,1.0
1.0,0.0,0.0,1.0,0.0,0.0,1.0,1.0,0.0,0.0,0.0
1.0,0.0,0.0,1.0,0.0,0.0,1.0,1.0,0.0,0.0,1.0
1.0,0.0,0.0,1.0,0.0,0.0,1.0,1.0,0.0,1.0,0.0
1.0,0.0,0.0,1.0,0.0,0.0,1.0,1.0,0.0,1.0,1.0
1.0,0.0,0.0,1.0,0.0,0.0,1.0,1.0,1.0,0.0,0.0
1.0,0.0,0.0,1.0,0.0,0.0,1.0,1.0,1.0,0.0,1.0
1.0,0.0,0.0,1.0,0.0,0.0,1.0,1.0,1.0,1.0,0.0
1.0,0.0,0.0,1.0,0.0,0.0,1.0,1.0,1.0,1.0,1.0
1.0,0.0,0.0,1.0,0.0,1.0,0.0,0.0,0.0,0.0,0.0
1.0,0.0,0.0,1.0,0.0,1.0,0.0,0.0,0.0,0.0,1.0
1.0,0.0,0.0,1.0,0.0,1.0,0.0,0.0,0.0,1.0,0.0
1.0,0.0,0.0,1.0,0.0,1.0,0.0,0.0,0.0,1.0,1.0
1.0,0.0,0.0,1.0,0.0,1.0,0.0,0.0,1.0,0.0,0.0
1.0,0.0,0.0,1.0,0.0,1.0,0.0,0.0,1.0,0.0,1.0
1.0,0.0,0.0,1.0,0.0,1.0,0.0,0.0,1.0,1.0,0.0
1.0,0.0,0.0,1.0,0.0,1.0,0.0,0.0,1.0,1.0,1.0
1.0,0.0,0.0,1.0,0.0,1.0,0.0,1.0,0.0,0.0,0.0
1.0,0.0,0.0,1.0,0.0,1.0,0.0,1.0,0.0,0.0,1.0
1.0,0.0,0.0,1.0,0.0,1.0,0.0,1.0,0.0,1.0,0.0
1.0,0.0,0.0,1.0,0.0,1.0,0.0,1.0,0.0,1.0,1.0
1.0,0.0,0.0,1.0,0.0,1.0,0.0,1.0,1.0,0.0,0.0
1.0,0.0,0.0,1.0,0.0,1.0,0.0,1.0,1.0,0.0,1.0
1.0,0.0,0.0,1.0,0.0,1.0,0.0,1.0,1.0,1.0,0.0
1.0,0.0,0.0,1.0,0.0,1.0,0.0,1.0,1.0,1.0,1.0
1.0,0.0,0.0,1.0,0.0,1.0,1.0,0.0,0.0,0.0,0.0
1.0,0.0,0.0,1.0,0.0,1.0,1.0,0.0,0.0,0.0,1.0
1.0,0.0,0.0,1.0,0.0,1.0,1.0,0.0,0.0,1.0,0.0
1.0,0.0,0.0,1.0,0.0,1.0,1.0,0.0,0.0,1.0,1.0
1.0,0.0,0.0,1.0,0.0,1.0,1.0,0.0,1.0,0.0,0.0
1.0,0.0,0.0,1.0,0.0,1.0,1.0,0.0,1.0,0.0,1.0
1.0,0.0,0.0,1.0,0.0,1.0,1.0,0.0,1.0,1.0,0.0
1.0,0.0,0.0,1.0,0.0,1.0,1.0,0.0,1.0,1.0,1.0
1.0,0.0,0.0,1.0,0.0,1.0,1.0,1.0,0.0,0.0,0.0
1.0,0.0,0.0,1.0,0.0,1.0,1.0,1.0,0.0,0.0,1.0
1.0,0.0,0.0,1.0,0.0,1.0,1.0,1.0,0.0,1.0,0.0
1.0,0.0,0.0,1.0,0.0,1.0,1.0,1.0,0.0,1.0,1.0
1.0,0.0,0.0,1.0,0.0,1.0,1.0,1.0,1.0,0.0,0.0
1.0,0.0,0.0,1.0,0.0,1.0,1.0,1.0,1.0,0.0,1.0
1.0,0.0,0.0,1.0,0.0,1.0,1.0,1.0,1.0,1.0,0.0
1.0,0.0,0.0,1.0,0.0,1.0,1.0,1.0,1.0,1.0,1.0
1.0,0.0,0.0,1.0,1.0,0.0,0.0,0.0,0.0,0.0,0.0
1.0,0.0,0.0,1.0,1.0,0.0,0.0,0.0,0.0,0.0,1.0
1.0,0.0,0.0,1.0,1.0,0.0,0.0,0.0,0.0,1.0,0.0
1.0,0.0,0.0,1.0,1.0,0.0,0.0,0.0,0.0,1.0,1.0
1.0,0.0,0.0,1.0,1.0,0.0,0.0,0.0,1.0,0.0,0.0
1.0,0.0,0.0,1.0,1.0,0.0,0.0,0.0,1.0,0.0,1.0
1.0,0.0,0.0,1.0,1.0,0.0,0.0,0.0,1.0,1.0,0.0
1.0,0.0,0.0,1.0,1.0,0.0,0.0,0.0,1.0,1.0,1.0
1.0,0.0,0.0,1.0,1.0,0.0,0.0,1.0,0.0,0.0,0.0
1.0,0.0,0.0,1.0,1.0,0.0,0.0,1.0,0.0,0.0,1.0
1.0,0.0,0.0,1.0,1.0,0.0,0.0,1.0,0.0,1.0,0.0
1.0,0.0,0.0,1.0,1.0,0.0,0.0,1.0,0.0,1.0,1.0
1.0,0.0,0.0,1.0,1.0,0.0,0.0,1.0,1.0,0.0,0.0
1.0,0.0,0.0,1.0,1.0,0.0,0.0,1.0,1.0,0.0,1.0
1.0,0.0,0.0,1.0,1.0,0.0,0.0,1.0,1.0,1.0,0.0
1.0,0.0,0.0,1.0,1.0,0.0,0.0,1.0,1.0,1.0,1.0
1.0,0.0,0.0,1.0,1.0,0.0,1.0,0.0,0.0,0.0,0.0
1.0,0.0,0.0,1.0,1.0,0.0,1.0,0.0,0.0,0.0,1.0
1.0,0.0,0.0,1.0,1.0,0.0,1.0,0.0,0.0,1.0,0.0
1.0,0.0,0.0,1.0,1.0,0.0,1.0,0.0,0.0,1.0,1.0
1.0,0.0,0.0,1.0,1.0,0.0,1.0,0.0,1.0,0.0,0.0
1.0,0.0,0.0,1.0,1.0,0.0,1.0,0.0,1.0,0.0,1.0
1.0,0.0,0.0,1.0,1.0,0.0,1.0,0.0,1.0,1.0,0.0
1.0,0.0,0.0,1.0,1.0,0.0,1.0,0.0,1.0,1.0,1.0
1.0,0.0,0.0,1.0,1.0,0.0,1.0,1.0,0.0,0.0,0.0
1.0,0.0,0.0,1.0,1.0,0.0,1.0,1.0,0.0,0.0,1.0
1.0,0.0,0.0,1.0,1.0,0.0,1.0,1.0,0.0,1.0,0.0
1.0,0.0,0.0,1.0,1.0,0.0,1.0,1.0,0.0,1.0,1.0
1.0,0.0,0.0,1.0,1.0,0.0,1.0,1.0,1.0,0.0,0.0
1.0,0.0,0.0,1.0,1.0,0.0,1.0,1.0,1.0,0.0,1.0
1.0,0.0,0.0,1.0,1.0,0.0,1.0,1.0,1.0,1.0,0.0
1.0,0.0,0.0,1.0,1.0,0.0,1.0,1.0,1.0,1.0,1.0
1.0,0.0,0.0,1.0,1.0,1.0,0.0,0.0,0.0,0.0,0.0
1.0,0.0,0.0,1.0,1.0,1.0,0.0,0.0,0.0,0.0,1.0
1.0,0.0,0.0,1.0,1.0,1.0,0.0,0.0,0.0,1.0,0.0
1.0,0.0,0.0,1.0,1.0,1.0,0.0,0.0,0.0,1.0,1.0
1.0,0.0,0.0,1.0,1.0,1.0,0.0,0.0,1.0,0.0,0.0
1.0,0.0,0.0,1.0,1.0,1.0,0.0,0.0,1.0,0.0,1.0
1.0,0.0,0.0,1.0,1.0,1.0,0.0,0.0,1.0,1.0,0.0
1.0,0.0,0.0,1.0,1.0,1.0,0.0,0.0,1.0,1.0,1.0
1.0,0.0,0.0,1.0,1.0,1.0,0.0,1.0,0.0,0.0,0.0
1.0,0.0,0.0,1.0,1.0,1.0,0.0,1.0,0.0,0.0,1.0
1.0,0.0,0.0,1.0,1.0,1.0,0.0,1.0,0.0,1.0,0.0
1.0,0.0,0.0,1.0,1.0,1.0,0.0,1.0,0.0,1.0,1.0
1.0,0.0,0.0,1.0,1.0,1.0,0.0,1.0,1.0,0.0,0.0
1.0,0.0,0.0,1.0,1.0,1.0,0.0,1.0,1.0,0.0,1.0
1.0,0.0,0.0,1.0,1.0,1.0,0.0,1.0,1.0,1.0,0.0
1.0,0.0,0.0,1.0,1.0,1.0,0.0,1.0,1.0,1.0,1.0
1.0,0.0,0.0,1.0,1.0,1.0,1.0,0.0,0.0,0.0,0.0
1.0,0.0,0.0,1.0,1.0,1.0,1.0,0.0,0.0,0.0,1.0
1.0,0.0,0.0,1.0,1.0,1.0,1.0,0.0,0.0,1.0,0.0
1.0,0.0,0.0,1.0,1.0,1.0,1.0,0.0,0.0,1.0,1.0
1.0,0.0,0.0,1.0,1.0,1.0,1.0,0.0,1.0,0.0,0.0
1.0,0.0,0.0,1.0,1.0,1.0,1.0,0.0,1.0,0.0,1.0
1.0,0.0,0.0,1.0,1.0,1.0,1.0,0.0,1.0,1.0,0.0
1.0,0.0,0.0,1.0,1.0,1.0,1.0,0.0,1.0,1.0,1.0
1.0,0.0,0.0,1.0,1.0,1.0,1.0,1.0,0.0,0.0,0.0
1.0,0.0,0.0,1.0,1.0,1.0,1.0,1.0,0.0,0.0,1.0
1.0,0.0,0.0,1.0,1.0,1.0,1.0,1.0,0.0,1.0,0.0
1.0,0.0,0.0,1.0,1.0,1.0,1.0,1.0,0.0,1.0,1.0
1.0,0.0,0.0,1.0,1.0,1.0,1.0,1.0,1.0,0.0,0.0
1.0,0.0,0.0,1.0,1.0,1.0,1.0,1.0,1.0,0.0,1.0
1.0,0.0,0.0,1.0,1.0,1.0,1.0,1.0,1.0,1.0,0.0
1.0,0.0,0.0,1.0,1.0,1.0,1.0,1.0,1.0,1.0,1.0
1.0,0.0,1.0,0.0,0.0,0.0,0.0,0.0,0.0,0.0,0.0
1.0,0.0,1.0,0.0,0.0,0.0,0.0,0.0,0.0,0.0,1.0
1.0,0.0,1.0,0.0,0.0,0.0,0.0,0.0,0.0,1.0,0.0
1.0,0.0,1.0,0.0,0.0,0.0,0.0,0.0,0.0,1.0,1.0
1.0,0.0,1.0,0.0,0.0,0.0,0.0,0.0,1.0,0.0,0.0
1.0,0.0,1.0,0.0,0.0,0.0,0.0,0.0,1.0,0.0,1.0
1.0,0.0,1.0,0.0,0.0,0.0,0.0,0.0,1.0,1.0,0.0
1.0,0.0,1.0,0.0,0.0,0.0,0.0,0.0,1.0,1.0,1.0
1.0,0.0,1.0,0.0,0.0,0.0,0.0,1.0,0.0,0.0,0.0
1.0,0.0,1.0,0.0,0.0,0.0,0.0,1.0,0.0,0.0,1.0
1.0,0.0,1.0,0.0,0.0,0.0,0.0,1.0,0.0,1.0,0.0
1.0,0.0,1.0,0.0,0.0,0.0,0.0,1.0,0.0,1.0,1.0
1.0,0.0,1.0,0.0,0.0,0.0,0.0,1.0,1.0,0.0,0.0
1.0,0.0,1.0,0.0,0.0,0.0,0.0,1.0,1.0,0.0,1.0
1.0,0.0,1.0,0.0,0.0,0.0,0.0,1.0,1.0,1.0,0.0
1.0,0.0,1.0,0.0,0.0,0.0,0.0,1.0,1.0,1.0,1.0
1.0,0.0,1.0,0.0,0.0,0.0,1.0,0.0,0.0,0.0,0.0
1.0,0.0,1.0,0.0,0.0,0.0,1.0,0.0,0.0,0.0,1.0
1.0,0.0,1.0,0.0,0.0,0.0,1.0,0.0,0.0,1.0,0.0
1.0,0.0,1.0,0.0,0.0,0.0,1.0,0.0,0.0,1.0,1.0
1.0,0.0,1.0,0.0,0.0,0.0,1.0,0.0,1.0,0.0,0.0
1.0,0.0,1.0,0.0,0.0,0.0,1.0,0.0,1.0,0.0,1.0
1.0,0.0,1.0,0.0,0.0,0.0,1.0,0.0,1.0,1.0,0.0
1.0,0.0,1.0,0.0,0.0,0.0,1.0,0.0,1.0,1.0,1.0
1.0,0.0,1.0,0.0,0.0,0.0,1.0,1.0,0.0,0.0,0.0
1.0,0.0,1.0,0.0,0.0,0.0,1.0,1.0,0.0,0.0,1.0
1.0,0.0,1.0,0.0,0.0,0.0,1.0,1.0,0.0,1.0,0.0
1.0,0.0,1.0,0.0,0.0,0.0,1.0,1.0,0.0,1.0,1.0
1.0,0.0,1.0,0.0,0.0,0.0,1.0,1.0,1.0,0.0,0.0
1.0,0.0,1.0,0.0,0.0,0.0,1.0,1.0,1.0,0.0,1.0
1.0,0.0,1.0,0.0,0.0,0.0,1.0,1.0,1.0,1.0,0.0
1.0,0.0,1.0,0.0,0.0,0.0,1.0,1.0,1.0,1.0,1.0
1.0,0.0,1.0,0.0,0.0,1.0,0.0,0.0,0.0,0.0,0.0
1.0,0.0,1.0,0.0,0.0,1.0,0.0,0.0,0.0,0.0,1.0
1.0,0.0,1.0,0.0,0.0,1.0,0.0,0.0,0.0,1.0,0.0
1.0,0.0,1.0,0.0,0.0,1.0,0.0,0.0,0.0,1.0,1.0
1.0,0.0,1.0,0.0,0.0,1.0,0.0,0.0,1.0,0.0,0.0
1.0,0.0,1.0,0.0,0.0,1.0,0.0,0.0,1.0,0.0,1.0
1.0,0.0,1.0,0.0,0.0,1.0,0.0,0.0,1.0,1.0,0.0
1.0,0.0,1.0,0.0,0.0,1.0,0.0,0.0,1.0,1.0,1.0
1.0,0.0,1.0,0.0,0.0,1.0,0.0,1.0,0.0,0.0,0.0
1.0,0.0,1.0,0.0,0.0,1.0,0.0,1.0,0.0,0.0,1.0
1.0,0.0,1.0,0.0,0.0,1.0,0.0,1.0,0.0,1.0,0.0
1.0,0.0,1.0,0.0,0.0,1.0,0.0,1.0,0.0,1.0,1.0
1.0,0.0,1.0,0.0,0.0,1.0,0.0,1.0,1.0,0.0,0.0
1.0,0.0,1.0,0.0,0.0,1.0,0.0,1.0,1.0,0.0,1.0
1.0,0.0,1.0,0.0,0.0,1.0,0.0,1.0,1.0,1.0,0.0
1.0,0.0,1.0,0.0,0.0,1.0,0.0,1.0,1.0,1.0,1.0
1.0,0.0,1.0,0.0,0.0,1.0,1.0,0.0,0.0,0.0,0.0
1.0,0.0,1.0,0.0,0.0,1.0,1.0,0.0,0.0,0.0,1.0
1.0,0.0,1.0,0.0,0.0,1.0,1.0,0.0,0.0,1.0,0.0
1.0,0.0,1.0,0.0,0.0,1.0,1.0,0.0,0.0,1.0,1.0
1.0,0.0,1.0,0.0,0.0,1.0,1.0,0.0,1.0,0.0,0.0
1.0,0.0,1.0,0.0,0.0,1.0,1.0,0.0,1.0,0.0,1.0
1.0,0.0,1.0,0.0,0.0,1.0,1.0,0.0,1.0,1.0,0.0
1.0,0.0,1.0,0.0,0.0,1.0,1.0,0.0,1.0,1.0,1.0
1.0,0.0,1.0,0.0,0.0,1.0,1.0,1.0,0.0,0.0,0.0
1.0,0.0,1.0,0.0,0.0,1.0,1.0,1.0,0.0,0.0,1.0
1.0,0.0,1.0,0.0,0.0,1.0,1.0,1.0,0.0,1.0,0.0
1.0,0.0,1.0,0.0,0.0,1.0,1.0,1.0,0.0,1.0,1.0
1.0,0.0,1.0,0.0,0.0,1.0,1.0,1.0,1.0,0.0,0.0
1.0,0.0,1.0,0.0,0.0,1.0,1.0,1.0,1.0,0.0,1.0
1.0,0.0,1.0,0.0,0.0,1.0,1.0,1.0,1.0,1.0,0.0
1.0,0.0,1.0,0.0,0.0,1.0,1.0,1.0,1.0,1.0,1.0
1.0,0.0,1.0,0.0,1.0,0.0,0.0,0.0,0.0,0.0,0.0
1.0,0.0,1.0,0.0,1.0,0.0,0.0,0.0,0.0,0.0,1.0
1.0,0.0,1.0,0.0,1.0,0.0,0.0,0.0,0.0,1.0,0.0
1.0,0.0,1.0,0.0,1.0,0.0,0.0,0.0,0.0,1.0,1.0
1.0,0.0,1.0,0.0,1.0,0.0,0.0,0.0,1.0,0.0,0.0
1.0,0.0,1.0,0.0,1.0,0.0,0.0,0.0,1.0,0.0,1.0
1.0,0.0,1.0,0.0,1.0,0.0,0.0,0.0,1.0,1.0,0.0
1.0,0.0,1.0,0.0,1.0,0.0,0.0,0.0,1.0,1.0,1.0
1.0,0.0,1.0,0.0,1.0,0.0,0.0,1.0,0.0,0.0,0.0
1.0,0.0,1.0,0.0,1.0,0.0,0.0,1.0,0.0,0.0,1.0
1.0,0.0,1.0,0.0,1.0,0.0,0.0,1.0,0.0,1.0,0.0
1.0,0.0,1.0,0.0,1.0,0.0,0.0,1.0,0.0,1.0,1.0
1.0,0.0,1.0,0.0,1.0,0.0,0.0,1.0,1.0,0.0,0.0
1.0,0.0,1.0,0.0,1.0,0.0,0.0,1.0,1.0,0.0,1.0
1.0,0.0,1.0,0.0,1.0,0.0,0.0,1.0,1.0,1.0,0.0
1.0,0.0,1.0,0.0,1.0,0.0,0.0,1.0,1.0,1.0,1.0
1.0,0.0,1.0,0.0,1.0,0.0,1.0,0.0,0.0,0.0,0.0
1.0,0.0,1.0,0.0,1.0,0.0,1.0,0.0,0.0,0.0,1.0
1.0,0.0,1.0,0.0,1.0,0.0,1.0,0.0,0.0,1.0,0.0
1.0,0.0,1.0,0.0,1.0,0.0,1.0,0.0,0.0,1.0,1.0
1.0,0.0,1.0,0.0,1.0,0.0,1.0,0.0,1.0,0.0,0.0
1.0,0.0,1.0,0.0,1.0,0.0,1.0,0.0,1.0,0.0,1.0
1.0,0.0,1.0,0.0,1.0,0.0,1.0,0.0,1.0,1.0,0.0
1.0,0.0,1.0,0.0,1.0,0.0,1.0,0.0,1.0,1.0,1.0
1.0,0.0,1.0,0.0,1.0,0.0,1.0,1.0,0.0,0.0,0.0
1.0,0.0,1.0,0.0,1.0,0.0,1.0,1.0,0.0,0.0,1.0
1.0,0.0,1.0,0.0,1.0,0.0,1.0,1.0,0.0,1.0,0.0
1.0,0.0,1.0,0.0,1.0,0.0,1.0,1.0,0.0,1.0,1.0
1.0,0.0,1.0,0.0,1.0,0.0,1.0,1.0,1.0,0.0,0.0
1.0,0.0,1.0,0.0,1.0,0.0,1.0,1.0,1.0,0.0,1.0
1.0,0.0,1.0,0.0,1.0,0.0,1.0,1.0,1.0,1.0,0.0
1.0,0.0,1.0,0.0,1.0,0.0,1.0,1.0,1.0,1.0,1.0
1.0,0.0,1.0,0.0,1.0,1.0,0.0,0.0,0.0,0.0,0.0
1.0,0.0,1.0,0.0,1.0,1.0,0.0,0.0,0.0,0.0,1.0
1.0,0.0,1.0,0.0,1.0,1.0,0.0,0.0,0.0,1.0,0.0
1.0,0.0,1.0,0.0,1.0,1.0,0.0,0.0,0.0,1.0,1.0
1.0,0.0,1.0,0.0,1.0,1.0,0.0,0.0,1.0,0.0,0.0
1.0,0.0,1.0,0.0,1.0,1.0,0.0,0.0,1.0,0.0,1.0
1.0,0.0,1.0,0.0,1.0,1.0,0.0,0.0,1.0,1.0,0.0
1.0,0.0,1.0,0.0,1.0,1.0,0.0,0.0,1.0,1.0,1.0
1.0,0.0,1.0,0.0,1.0,1.0,0.0,1.0,0.0,0.0,0.0
1.0,0.0,1.0,0.0,1.0,1.0,0.0,1.0,0.0,0.0,1.0
1.0,0.0,1.0,0.0,1.0,1.0,0.0,1.0,0.0,1.0,0.0
1.0,0.0,1.0,0.0,1.0,1.0,0.0,1.0,0.0,1.0,1.0
1.0,0.0,1.0,0.0,1.0,1.0,0.0,1.0,1.0,0.0,0.0
1.0,0.0,1.0,0.0,1.0,1.0,0.0,1.0,1.0,0.0,1.0
1.0,0.0,1.0,0.0,1.0,1.0,0.0,1.0,1.0,1.0,0.0
1.0,0.0,1.0,0.0,1.0,1.0,0.0,1.0,1.0,1.0,1.0
1.0,0.0,1.0,0.0,1.0,1.0,1.0,0.0,0.0,0.0,0.0
1.0,0.0,1.0,0.0,1.0,1.0,1.0,0.0,0.0,0.0,1.0
1.0,0.0,1.0,0.0,1.0,1.0,1.0,0.0,0.0,1.0,0.0
1.0,0.0,1.0,0.0,1.0,1.0,1.0,0.0,0.0,1.0,1.0
1.0,0.0,1.0,0.0,1.0,1.0,1.0,0.0,1.0,0.0,0.0
1.0,0.0,1.0,0.0,1.0,1.0,1.0,0.0,1.0,0.0,1.0
1.0,0.0,1.0,0.0,1.0,1.0,1.0,0.0,1.0,1.0,0.0
1.0,0.0,1.0,0.0,1.0,1.0,1.0,0.0,1.0,1.0,1.0
1.0,0.0,1.0,0.0,1.0,1.0,1.0,1.0,0.0,0.0,0.0
1.0,0.0,1.0,0.0,1.0,1.0,1.0,1.0,0.0,0.0,1.0
1.0,0.0,1.0,0.0,1.0,1.0,1.0,1.0,0.0,1.0,0.0
1.0,0.0,1.0,0.0,1.0,1.0,1.0,1.0,0.0,1.0,1.0
1.0,0.0,1.0,0.0,1.0,1.0,1.0,1.0,1.0,0.0,0.0
1.0,0.0,1.0,0.0,1.0,1.0,1.0,1.0,1.0,0.0,1.0
1.0,0.0,1.0,0.0,1.0,1.0,1.0,1.0,1.0,1.0,0.0
1.0,0.0,1.0,0.0,1.0,1.0,1.0,1.0,1.0,1.0,1.0
1.0,0.0,1.0,1.0,0.0,0.0,0.0,0.0,0.0,0.0,0.0
1.0,0.0,1.0,1.0,0.0,0.0,0.0,0.0,0.0,0.0,1.0
1.0,0.0,1.0,1.0,0.0,0.0,0.0,0.0,0.0,1.0,0.0
1.0,0.0,1.0,1.0,0.0,0.0,0.0,0.0,0.0,1.0,1.0
1.0,0.0,1.0,1.0,0.0,0.0,0.0,0.0,1.0,0.0,0.0
1.0,0.0,1.0,1.0,0.0,0.0,0.0,0.0,1.0,0.0,1.0
1.0,0.0,1.0,1.0,0.0,0.0,0.0,0.0,1.0,1.0,0.0
1.0,0.0,1.0,1.0,0.0,0.0,0.0,0.0,1.0,1.0,1.0
1.0,0.0,1.0,1.0,0.0,0.0,0.0,1.0,0.0,0.0,0.0
1.0,0.0,1.0,1.0,0.0,0.0,0.0,1.0,0.0,0.0,1.0
1.0,0.0,1.0,1.0,0.0,0.0,0.0,1.0,0.0,1.0,0.0
1.0,0.0,1.0,1.0,0.0,0.0,0.0,1.0,0.0,1.0,1.0
1.0,0.0,1.0,1.0,0.0,0.0,0.0,1.0,1.0,0.0,0.0
1.0,0.0,1.0,1.0,0.0,0.0,0.0,1.0,1.0,0.0,1.0
1.0,0.0,1.0,1.0,0.0,0.0,0.0,1.0,1.0,1.0,0.0
1.0,0.0,1.0,1.0,0.0,0.0,0.0,1.0,1.0,1.0,1.0
1.0,0.0,1.0,1.0,0.0,0.0,1.0,0.0,0.0,0.0,0.0
1.0,0.0,1.0,1.0,0.0,0.0,1.0,0.0,0.0,0.0,1.0
1.0,0.0,1.0,1.0,0.0,0.0,1.0,0.0,0.0,1.0,0.0
1.0,0.0,1.0,1.0,0.0,0.0,1.0,0.0,0.0,1.0,1.0
1.0,0.0,1.0,1.0,0.0,0.0,1.0,0.0,1.0,0.0,0.0
1.0,0.0,1.0,1.0,0.0,0.0,1.0,0.0,1.0,0.0,1.0
1.0,0.0,1.0,1.0,0.0,0.0,1.0,0.0,1.0,1.0,0.0
1.0,0.0,1.0,1.0,0.0,0.0,1.0,0.0,1.0,1.0,1.0
1.0,0.0,1.0,1.0,0.0,0.0,1.0,1.0,0.0,0.0,0.0
1.0,0.0,1.0,1.0,0.0,0.0,1.0,1.0,0.0,0.0,1.0
1.0,0.0,1.0,1.0,0.0,0.0,1.0,1.0,0.0,1.0,0.0
1.0,0.0,1.0,1.0,0.0,0.0,1.0,1.0,0.0,1.0,1.0
1.0,0.0,1.0,1.0,0.0,0.0,1.0,1.0,1.0,0.0,0.0
1.0,0.0,1.0,1.0,0.0,0.0,1.0,1.0,1.0,0.0,1.0
1.0,0.0,1.0,1.0,0.0,0.0,1.0,1.0,1.0,1.0,0.0
1.0,0.0,1.0,1.0,0.0,0.0,1.0,1.0,1.0,1.0,1.0
1.0,0.0,1.0,1.0,0.0,1.0,0.0,0.0,0.0,0.0,0.0
1.0,0.0,1.0,1.0,0.0,1.0,0.0,0.0,0.0,0.0,1.0
1.0,0.0,1.0,1.0,0.0,1.0,0.0,0.0,0.0,1.0,0.0
1.0,0.0,1.0,1.0,0.0,1.0,0.0,0.0,0.0,1.0,1.0
1.0,0.0,1.0,1.0,0.0,1.0,0.0,0.0,1.0,0.0,0.0
1.0,0.0,1.0,1.0,0.0,1.0,0.0,0.0,1.0,0.0,1.0
1.0,0.0,1.0,1.0,0.0,1.0,0.0,0.0,1.0,1.0,0.0
1.0,0.0,1.0,1.0,0.0,1.0,0.0,0.0,1.0,1.0,1.0
1.0,0.0,1.0,1.0,0.0,1.0,0.0,1.0,0.0,0.0,0.0
1.0,0.0,1.0,1.0,0.0,1.0,0.0,1.0,0.0,0.0,1.0
1.0,0.0,1.0,1.0,0.0,1.0,0.0,1.0,0.0,1.0,0.0
1.0,0.0,1.0,1.0,0.0,1.0,0.0,1.0,0.0,1.0,1.0
1.0,0.0,1.0,1.0,0.0,1.0,0.0,1.0,1.0,0.0,0.0
1.0,0.0,1.0,1.0,0.0,1.0,0.0,1.0,1.0,0.0,1.0
1.0,0.0,1.0,1.0,0.0,1.0,0.0,1.0,1.0,1.0,0.0
1.0,0.0,1.0,1.0,0.0,1.0,0.0,1.0,1.0,1.0,1.0
1.0,0.0,1.0,1.0,0.0,1.0,1.0,0.0,0.0,0.0,0.0
1.0,0.0,1.0,1.0,0.0,1.0,1.0,0.0,0.0,0.0,1.0
1.0,0.0,1.0,1.0,0.0,1.0,1.0,0.0,0.0,1.0,0.0
1.0,0.0,1.0,1.0,0.0,1.0,1.0,0.0,0.0,1.0,1.0
1.0,0.0,1.0,1.0,0.0,1.0,1.0,0.0,1.0,0.0,0.0
1.0,0.0,1.0,1.0,0.0,1.0,1.0,0.0,1.0,0.0,1.0
1.0,0.0,1.0,1.0,0.0,1.0,1.0,0.0,1.0,1.0,0.0
1.0,0.0,1.0,1.0,0.0,1.0,1.0,0.0,1.0,1.0,1.0
1.0,0.0,1.0,1.0,0.0,1.0,1.0,1.0,0.0,0.0,0.0
1.0,0.0,1.0,1.0,0.0,1.0,1.0,1.0,0.0,0.0,1.0
1.0,0.0,1.0,1.0,0.0,1.0,1.0,1.0,0.0,1.0,0.0
1.0,0.0,1.0,1.0,0.0,1.0,1.0,1.0,0.0,1.0,1.0
1.0,0.0,1.0,1.0,0.0,1.0,1.0,1.0,1.0,0.0,0.0
1.0,0.0,1.0,1.0,0.0,1.0,1.0,1.0,1.0,0.0,1.0
1.0,0.0,1.0,1.0,0.0,1.0,1.0,1.0,1.0,1.0,0.0
1.0,0.0,1.0,1.0,0.0,1.0,1.0,1.0,1.0,1.0,1.0
1.0,0.0,1.0,1.0,1.0,0.0,0.0,0.0,0.0,0.0,0.0
1.0,0.0,1.0,1.0,1.0,0.0,0.0,0.0,0.0,0.0,1.0
1.0,0.0,1.0,1.0,1.0,0.0,0.0,0.0,0.0,1.0,0.0
1.0,0.0,1.0,1.0,1.0,0.0,0.0,0.0,0.0,1.0,1.0
1.0,0.0,1.0,1.0,1.0,0.0,0.0,0.0,1.0,0.0,0.0
1.0,0.0,1.0,1.0,1.0,0.0,0.0,0.0,1.0,0.0,1.0
1.0,0.0,1.0,1.0,1.0,0.0,0.0,0.0,1.0,1.0,0.0
1.0,0.0,1.0,1.0,1.0,0.0,0.0,0.0,1.0,1.0,1.0
1.0,0.0,1.0,1.0,1.0,0.0,0.0,1.0,0.0,0.0,0.0
1.0,0.0,1.0,1.0,1.0,0.0,0.0,1.0,0.0,0.0,1.0
1.0,0.0,1.0,1.0,1.0,0.0,0.0,1.0,0.0,1.0,0.0
1.0,0.0,1.0,1.0,1.0,0.0,0.0,1.0,0.0,1.0,1.0
1.0,0.0,1.0,1.0,1.0,0.0,0.0,1.0,1.0,0.0,0.0
1.0,0.0,1.0,1.0,1.0,0.0,0.0,1.0,1.0,0.0,1.0
1.0,0.0,1.0,1.0,1.0,0.0,0.0,1.0,1.0,1.0,0.0
1.0,0.0,1.0,1.0,1.0,0.0,0.0,1.0,1.0,1.0,1.0
1.0,0.0,1.0,1.0,1.0,0.0,1.0,0.0,0.0,0.0,0.0
1.0,0.0,1.0,1.0,1.0,0.0,1.0,0.0,0.0,0.0,1.0
1.0,0.0,1.0,1.0,1.0,0.0,1.0,0.0,0.0,1.0,0.0
1.0,0.0,1.0,1.0,1.0,0.0,1.0,0.0,0.0,1.0,1.0
1.0,0.0,1.0,1.0,1.0,0.0,1.0,0.0,1.0,0.0,0.0
1.0,0.0,1.0,1.0,1.0,0.0,1.0,0.0,1.0,0.0,1.0
1.0,0.0,1.0,1.0,1.0,0.0,1.0,0.0,1.0,1.0,0.0
1.0,0.0,1.0,1.0,1.0,0.0,1.0,0.0,1.0,1.0,1.0
1.0,0.0,1.0,1.0,1.0,0.0,1.0,1.0,0.0,0.0,0.0
1.0,0.0,1.0,1.0,1.0,0.0,1.0,1.0,0.0,0.0,1.0
1.0,0.0,1.0,1.0,1.0,0.0,1.0,1.0,0.0,1.0,0.0
1.0,0.0,1.0,1.0,1.0,0.0,1.0,1.0,0.0,1.0,1.0
1.0,0.0,1.0,1.0,1.0,0.0,1.0,1.0,1.0,0.0,0.0
1.0,0.0,1.0,1.0,1.0,0.0,1.0,1.0,1.0,0.0,1.0
1.0,0.0,1.0,1.0,1.0,0.0,1.0,1.0,1.0,1.0,0.0
1.0,0.0,1.0,1.0,1.0,0.0,1.0,1.0,1.0,1.0,1.0
1.0,0.0,1.0,1.0,1.0,1.0,0.0,0.0,0.0,0.0,0.0
1.0,0.0,1.0,1.0,1.0,1.0,0.0,0.0,0.0,0.0,1.0
1.0,0.0,1.0,1.0,1.0,1.0,0.0,0.0,0.0,1.0,0.0
1.0,0.0,1.0,1.0,1.0,1.0,0.0,0.0,0.0,1.0,1.0
1.0,0.0,1.0,1.0,1.0,1.0,0.0,0.0,1.0,0.0,0.0
1.0,0.0,1.0,1.0,1.0,1.0,0.0,0.0,1.0,0.0,1.0
1.0,0.0,1.0,1.0,1.0,1.0,0.0,0.0,1.0,1.0,0.0
1.0,0.0,1.0,1.0,1.0,1.0,0.0,0.0,1.0,1.0,1.0
1.0,0.0,1.0,1.0,1.0,1.0,0.0,1.0,0.0,0.0,0.0
1.0,0.0,1.0,1.0,1.0,1.0,0.0,1.0,0.0,0.0,1.0
1.0,0.0,1.0,1.0,1.0,1.0,0.0,1.0,0.0,1.0,0.0
1.0,0.0,1.0,1.0,1.0,1.0,0.0,1.0,0.0,1.0,1.0
1.0,0.0,1.0,1.0,1.0,1.0,0.0,1.0,1.0,0.0,0.0
1.0,0.0,1.0,1.0,1.0,1.0,0.0,1.0,1.0,0.0,1.0
1.0,0.0,1.0,1.0,1.0,1.0,0.0,1.0,1.0,1.0,0.0
1.0,0.0,1.0,1.0,1.0,1.0,0.0,1.0,1.0,1.0,1.0
1.0,0.0,1.0,1.0,1.0,1.0,1.0,0.0,0.0,0.0,0.0
1.0,0.0,1.0,1.0,1.0,1.0,1.0,0.0,0.0,0.0,1.0
1.0,0.0,1.0,1.0,1.0,1.0,1.0,0.0,0.0,1.0,0.0
1.0,0.0,1.0,1.0,1.0,1.0,1.0,0.0,0.0,1.0,1.0
1.0,0.0,1.0,1.0,1.0,1.0,1.0,0.0,1.0,0.0,0.0
1.0,0.0,1.0,1.0,1.0,1.0,1.0,0.0,1.0,0.0,1.0
1.0,0.0,1.0,1.0,1.0,1.0,1.0,0.0,1.0,1.0,0.0
1.0,0.0,1.0,1.0,1.0,1.0,1.0,0.0,1.0,1.0,1.0
1.0,0.0,1.0,1.0,1.0,1.0,1.0,1.0,0.0,0.0,0.0
1.0,0.0,1.0,1.0,1.0,1.0,1.0,1.0,0.0,0.0,1.0
1.0,0.0,1.0,1.0,1.0,1.0,1.0,1.0,0.0,1.0,0.0
1.0,0.0,1.0,1.0,1.0,1.0,1.0,1.0,0.0,1.0,1.0
1.0,0.0,1.0,1.0,1.0,1.0,1.0,1.0,1.0,0.0,0.0
1.0,0.0,1.0,1.0,1.0,1.0,1.0,1.0,1.0,0.0,1.0
1.0,0.0,1.0,1.0,1.0,1.0,1.0,1.0,1.0,1.0,0.0
1.0,0.0,1.0,1.0,1.0,1.0,1.0,1.0,1.0,1.0,1.0
1.0,1.0,0.0,0.0,0.0,0.0,0.0,0.0,0.0,0.0,0.0
1.0,1.0,0.0,0.0,0.0,0.0,0.0,0.0,0.0,0.0,1.0
1.0,1.0,0.0,0.0,0.0,0.0,0.0,0.0,0.0,1.0,0.0
1.0,1.0,0.0,0.0,0.0,0.0,0.0,0.0,0.0,1.0,1.0
1.0,1.0,0.0,0.0,0.0,0.0,0.0,0.0,1.0,0.0,0.0
1.0,1.0,0.0,0.0,0.0,0.0,0.0,0.0,1.0,0.0,1.0
1.0,1.0,0.0,0.0,0.0,0.0,0.0,0.0,1.0,1.0,0.0
1.0,1.0,0.0,0.0,0.0,0.0,0.0,0.0,1.0,1.0,1.0
1.0,1.0,0.0,0.0,0.0,0.0,0.0,1.0,0.0,0.0,0.0
1.0,1.0,0.0,0.0,0.0,0.0,0.0,1.0,0.0,0.0,1.0
1.0,1.0,0.0,0.0,0.0,0.0,0.0,1.0,0.0,1.0,0.0
1.0,1.0,0.0,0.0,0.0,0.0,0.0,1.0,0.0,1.0,1.0
1.0,1.0,0.0,0.0,0.0,0.0,0.0,1.0,1.0,0.0,0.0
1.0,1.0,0.0,0.0,0.0,0.0,0.0,1.0,1.0,0.0,1.0
1.0,1.0,0.0,0.0,0.0,0.0,0.0,1.0,1.0,1.0,0.0
1.0,1.0,0.0,0.0,0.0,0.0,0.0,1.0,1.0,1.0,1.0
1.0,1.0,0.0,0.0,0.0,0.0,1.0,0.0,0.0,0.0,0.0
1.0,1.0,0.0,0.0,0.0,0.0,1.0,0.0,0.0,0.0,1.0
1.0,1.0,0.0,0.0,0.0,0.0,1.0,0.0,0.0,1.0,0.0
1.0,1.0,0.0,0.0,0.0,0.0,1.0,0.0,0.0,1.0,1.0
1.0,1.0,0.0,0.0,0.0,0.0,1.0,0.0,1.0,0.0,0.0
1.0,1.0,0.0,0.0,0.0,0.0,1.0,0.0,1.0,0.0,1.0
1.0,1.0,0.0,0.0,0.0,0.0,1.0,0.0,1.0,1.0,0.0
1.0,1.0,0.0,0.0,0.0,0.0,1.0,0.0,1.0,1.0,1.0
1.0,1.0,0.0,0.0,0.0,0.0,1.0,1.0,0.0,0.0,0.0
1.0,1.0,0.0,0.0,0.0,0.0,1.0,1.0,0.0,0.0,1.0
1.0,1.0,0.0,0.0,0.0,0.0,1.0,1.0,0.0,1.0,0.0
1.0,1.0,0.0,0.0,0.0,0.0,1.0,1.0,0.0,1.0,1.0
1.0,1.0,0.0,0.0,0.0,0.0,1.0,1.0,1.0,0.0,0.0
1.0,1.0,0.0,0.0,0.0,0.0,1.0,1.0,1.0,0.0,1.0
1.0,1.0,0.0,0.0,0.0,0.0,1.0,1.0,1.0,1.0,0.0
1.0,1.0,0.0,0.0,0.0,0.0,1.0,1.0,1.0,1.0,1.0
1.0,1.0,0.0,0.0,0.0,1.0,0.0,0.0,0.0,0.0,0.0
1.0,1.0,0.0,0.0,0.0,1.0,0.0,0.0,0.0,0.0,1.0
1.0,1.0,0.0,0.0,0.0,1.0,0.0,0.0,0.0,1.0,0.0
1.0,1.0,0.0,0.0,0.0,1.0,0.0,0.0,0.0,1.0,1.0
1.0,1.0,0.0,0.0,0.0,1.0,0.0,0.0,1.0,0.0,0.0
1.0,1.0,0.0,0.0,0.0,1.0,0.0,0.0,1.0,0.0,1.0
1.0,1.0,0.0,0.0,0.0,1.0,0.0,0.0,1.0,1.0,0.0
1.0,1.0,0.0,0.0,0.0,1.0,0.0,0.0,1.0,1.0,1.0
1.0,1.0,0.0,0.0,0.0,1.0,0.0,1.0,0.0,0.0,0.0
1.0,1.0,0.0,0.0,0.0,1.0,0.0,1.0,0.0,0.0,1.0
1.0,1.0,0.0,0.0,0.0,1.0,0.0,1.0,0.0,1.0,0.0
1.0,1.0,0.0,0.0,0.0,1.0,0.0,1.0,0.0,1.0,1.0
1.0,1.0,0.0,0.0,0.0,1.0,0.0,1.0,1.0,0.0,0.0
1.0,1.0,0.0,0.0,0.0,1.0,0.0,1.0,1.0,0.0,1.0
1.0,1.0,0.0,0.0,0.0,1.0,0.0,1.0,1.0,1.0,0.0
1.0,1.0,0.0,0.0,0.0,1.0,0.0,1.0,1.0,1.0,1.0
1.0,1.0,0.0,0.0,0.0,1.0,1.0,0.0,0.0,0.0,0.0
1.0,1.0,0.0,0.0,0.0,1.0,1.0,0.0,0.0,0.0,1.0
1.0,1.0,0.0,0.0,0.0,1.0,1.0,0.0,0.0,1.0,0.0
1.0,1.0,0.0,0.0,0.0,1.0,1.0,0.0,0.0,1.0,1.0
1.0,1.0,0.0,0.0,0.0,1.0,1.0,0.0,1.0,0.0,0.0
1.0,1.0,0.0,0.0,0.0,1.0,1.0,0.0,1.0,0.0,1.0
1.0,1.0,0.0,0.0,0.0,1.0,1.0,0.0,1.0,1.0,0.0
1.0,1.0,0.0,0.0,0.0,1.0,1.0,0.0,1.0,1.0,1.0
1.0,1.0,0.0,0.0,0.0,1.0,1.0,1.0,0.0,0.0,0.0
1.0,1.0,0.0,0.0,0.0,1.0,1.0,1.0,0.0,0.0,1.0
1.0,1.0,0.0,0.0,0.0,1.0,1.0,1.0,0.0,1.0,0.0
1.0,1.0,0.0,0.0,0.0,1.0,1.0,1.0,0.0,1.0,1.0
1.0,1.0,0.0,0.0,0.0,1.0,1.0,1.0,1.0,0.0,0.0
1.0,1.0,0.0,0.0,0.0,1.0,1.0,1.0,1.0,0.0,1.0
1.0,1.0,0.0,0.0,0.0,1.0,1.0,1.0,1.0,1.0,0.0
1.0,1.0,0.0,0.0,0.0,1.0,1.0,1.0,1.0,1.0,1.0
1.0,1.0,0.0,0.0,1.0,0.0,0.0,0.0,0.0,0.0,0.0
1.0,1.0,0.0,0.0,1.0,0.0,0.0,0.0,0.0,0.0,1.0
1.0,1.0,0.0,0.0,1.0,0.0,0.0,0.0,0.0,1.0,0.0
1.0,1.0,0.0,0.0,1.0,0.0,0.0,0.0,0.0,1.0,1.0
1.0,1.0,0.0,0.0,1.0,0.0,0.0,0.0,1.0,0.0,0.0
1.0,1.0,0.0,0.0,1.0,0.0,0.0,0.0,1.0,0.0,1.0
1.0,1.0,0.0,0.0,1.0,0.0,0.0,0.0,1.0,1.0,0.0
1.0,1.0,0.0,0.0,1.0,0.0,0.0,0.0,1.0,1.0,1.0
1.0,1.0,0.0,0.0,1.0,0.0,0.0,1.0,0.0,0.0,0.0
1.0,1.0,0.0,0.0,1.0,0.0,0.0,1.0,0.0,0.0,1.0
1.0,1.0,0.0,0.0,1.0,0.0,0.0,1.0,0.0,1.0,0.0
1.0,1.0,0.0,0.0,1.0,0.0,0.0,1.0,0.0,1.0,1.0
1.0,1.0,0.0,0.0,1.0,0.0,0.0,1.0,1.0,0.0,0.0
1.0,1.0,0.0,0.0,1.0,0.0,0.0,1.0,1.0,0.0,1.0
1.0,1.0,0.0,0.0,1.0,0.0,0.0,1.0,1.0,1.0,0.0
1.0,1.0,0.0,0.0,1.0,0.0,0.0,1.0,1.0,1.0,1.0
1.0,1.0,0.0,0.0,1.0,0.0,1.0,0.0,0.0,0.0,0.0
1.0,1.0,0.0,0.0,1.0,0.0,1.0,0.0,0.0,0.0,1.0
1.0,1.0,0.0,0.0,1.0,0.0,1.0,0.0,0.0,1.0,0.0
1.0,1.0,0.0,0.0,1.0,0.0,1.0,0.0,0.0,1.0,1.0
1.0,1.0,0.0,0.0,1.0,0.0,1.0,0.0,1.0,0.0,0.0
1.0,1.0,0.0,0.0,1.0,0.0,1.0,0.0,1.0,0.0,1.0
1.0,1.0,0.0,0.0,1.0,0.0,1.0,0.0,1.0,1.0,0.0
1.0,1.0,0.0,0.0,1.0,0.0,1.0,0.0,1.0,1.0,1.0
1.0,1.0,0.0,0.0,1.0,0.0,1.0,1.0,0.0,0.0,0.0
1.0,1.0,0.0,0.0,1.0,0.0,1.0,1.0,0.0,0.0,1.0
1.0,1.0,0.0,0.0,1.0,0.0,1.0,1.0,0.0,1.0,0.0
1.0,1.0,0.0,0.0,1.0,0.0,1.0,1.0,0.0,1.0,1.0
1.0,1.0,0.0,0.0,1.0,0.0,1.0,1.0,1.0,0.0,0.0
1.0,1.0,0.0,0.0,1.0,0.0,1.0,1.0,1.0,0.0,1.0
1.0,1.0,0.0,0.0,1.0,0.0,1.0,1.0,1.0,1.0,0.0
1.0,1.0,0.0,0.0,1.0,0.0,1.0,1.0,1.0,1.0,1.0
1.0,1.0,0.0,0.0,1.0,1.0,0.0,0.0,0.0,0.0,0.0
1.0,1.0,0.0,0.0,1.0,1.0,0.0,0.0,0.0,0.0,1.0
1.0,1.0,0.0,0.0,1.0,1.0,0.0,0.0,0.0,1.0,0.0
1.0,1.0,0.0,0.0,1.0,1.0,0.0,0.0,0.0,1.0,1.0
1.0,1.0,0.0,0.0,1.0,1.0,0.0,0.0,1.0,0.0,0.0
1.0,1.0,0.0,0.0,1.0,1.0,0.0,0.0,1.0,0.0,1.0
1.0,1.0,0.0,0.0,1.0,1.0,0.0,0.0,1.0,1.0,0.0
1.0,1.0,0.0,0.0,1.0,1.0,0.0,0.0,1.0,1.0,1.0
1.0,1.0,0.0,0.0,1.0,1.0,0.0,1.0,0.0,0.0,0.0
1.0,1.0,0.0,0.0,1.0,1.0,0.0,1.0,0.0,0.0,1.0
1.0,1.0,0.0,0.0,1.0,1.0,0.0,1.0,0.0,1.0,0.0
1.0,1.0,0.0,0.0,1.0,1.0,0.0,1.0,0.0,1.0,1.0
1.0,1.0,0.0,0.0,1.0,1.0,0.0,1.0,1.0,0.0,0.0
1.0,1.0,0.0,0.0,1.0,1.0,0.0,1.0,1.0,0.0,1.0
1.0,1.0,0.0,0.0,1.0,1.0,0.0,1.0,1.0,1.0,0.0
1.0,1.0,0.0,0.0,1.0,1.0,0.0,1.0,1.0,1.0,1.0
1.0,1.0,0.0,0.0,1.0,1.0,1.0,0.0,0.0,0.0,0.0
1.0,1.0,0.0,0.0,1.0,1.0,1.0,0.0,0.0,0.0,1.0
1.0,1.0,0.0,0.0,1.0,1.0,1.0,0.0,0.0,1.0,0.0
1.0,1.0,0.0,0.0,1.0,1.0,1.0,0.0,0.0,1.0,1.0
1.0,1.0,0.0,0.0,1.0,1.0,1.0,0.0,1.0,0.0,0.0
1.0,1.0,0.0,0.0,1.0,1.0,1.0,0.0,1.0,0.0,1.0
1.0,1.0,0.0,0.0,1.0,1.0,1.0,0.0,1.0,1.0,0.0
1.0,1.0,0.0,0.0,1.0,1.0,1.0,0.0,1.0,1.0,1.0
1.0,1.0,0.0,0.0,1.0,1.0,1.0,1.0,0.0,0.0,0.0
1.0,1.0,0.0,0.0,1.0,1.0,1.0,1.0,0.0,0.0,1.0
1.0,1.0,0.0,0.0,1.0,1.0,1.0,1.0,0.0,1.0,0.0
1.0,1.0,0.0,0.0,1.0,1.0,1.0,1.0,0.0,1.0,1.0
1.0,1.0,0.0,0.0,1.0,1.0,1.0,1.0,1.0,0.0,0.0
1.0,1.0,0.0,0.0,1.0,1.0,1.0,1.0,1.0,0.0,1.0
1.0,1.0,0.0,0.0,1.0,1.0,1.0,1.0,1.0,1.0,0.0
1.0,1.0,0.0,0.0,1.0,1.0,1.0,1.0,1.0,1.0,1.0
1.0,1.0,0.0,1.0,0.0,0.0,0.0,0.0,0.0,0.0,0.0
1.0,1.0,0.0,1.0,0.0,0.0,0.0,0.0,0.0,0.0,1.0
1.0,1.0,0.0,1.0,0.0,0.0,0.0,0.0,0.0,1.0,0.0
1.0,1.0,0.0,1.0,0.0,0.0,0.0,0.0,0.0,1.0,1.0
1.0,1.0,0.0,1.0,0.0,0.0,0.0,0.0,1.0,0.0,0.0
1.0,1.0,0.0,1.0,0.0,0.0,0.0,0.0,1.0,0.0,1.0
1.0,1.0,0.0,1.0,0.0,0.0,0.0,0.0,1.0,1.0,0.0
1.0,1.0,0.0,1.0,0.0,0.0,0.0,0.0,1.0,1.0,1.0
1.0,1.0,0.0,1.0,0.0,0.0,0.0,1.0,0.0,0.0,0.0
1.0,1.0,0.0,1.0,0.0,0.0,0.0,1.0,0.0,0.0,1.0
1.0,1.0,0.0,1.0,0.0,0.0,0.0,1.0,0.0,1.0,0.0
1.0,1.0,0.0,1.0,0.0,0.0,0.0,1.0,0.0,1.0,1.0
1.0,1.0,0.0,1.0,0.0,0.0,0.0,1.0,1.0,0.0,0.0
1.0,1.0,0.0,1.0,0.0,0.0,0.0,1.0,1.0,0.0,1.0
1.0,1.0,0.0,1.0,0.0,0.0,0.0,1.0,1.0,1.0,0.0
1.0,1.0,0.0,1.0,0.0,0.0,0.0,1.0,1.0,1.0,1.0
1.0,1.0,0.0,1.0,0.0,0.0,1.0,0.0,0.0,0.0,0.0
1.0,1.0,0.0,1.0,0.0,0.0,1.0,0.0,0.0,0.0,1.0
1.0,1.0,0.0,1.0,0.0,0.0,1.0,0.0,0.0,1.0,0.0
1.0,1.0,0.0,1.0,0.0,0.0,1.0,0.0,0.0,1.0,1.0
1.0,1.0,0.0,1.0,0.0,0.0,1.0,0.0,1.0,0.0,0.0
1.0,1.0,0.0,1.0,0.0,0.0,1.0,0.0,1.0,0.0,1.0
1.0,1.0,0.0,1.0,0.0,0.0,1.0,0.0,1.0,1.0,0.0
1.0,1.0,0.0,1.0,0.0,0.0,1.0,0.0,1.0,1.0,1.0
1.0,1.0,0.0,1.0,0.0,0.0,1.0,1.0,0.0,0.0,0.0
1.0,1.0,0.0,1.0,0.0,0.0,1.0,1.0,0.0,0.0,1.0
1.0,1.0,0.0,1.0,0.0,0.0,1.0,1.0,0.0,1.0,0.0
1.0,1.0,0.0,1.0,0.0,0.0,1.0,1.0,0.0,1.0,1.0
1.0,1.0,0.0,1.0,0.0,0.0,1.0,1.0,1.0,0.0,0.0
1.0,1.0,0.0,1.0,0.0,0.0,1.0,1.0,1.0,0.0,1.0
1.0,1.0,0.0,1.0,0.0,0.0,1.0,1.0,1.0,1.0,0.0
1.0,1.0,0.0,1.0,0.0,0.0,1.0,1.0,1.0,1.0,1.0
1.0,1.0,0.0,1.0,0.0,1.0,0.0,0.0,0.0,0.0,0.0
1.0,1.0,0.0,1.0,0.0,1.0,0.0,0.0,0.0,0.0,1.0
1.0,1.0,0.0,1.0,0.0,1.0,0.0,0.0,0.0,1.0,0.0
1.0,1.0,0.0,1.0,0.0,1.0,0.0,0.0,0.0,1.0,1.0
1.0,1.0,0.0,1.0,0.0,1.0,0.0,0.0,1.0,0.0,0.0
1.0,1.0,0.0,1.0,0.0,1.0,0.0,0.0,1.0,0.0,1.0
1.0,1.0,0.0,1.0,0.0,1.0,0.0,0.0,1.0,1.0,0.0
1.0,1.0,0.0,1.0,0.0,1.0,0.0,0.0,1.0,1.0,1.0
1.0,1.0,0.0,1.0,0.0,1.0,0.0,1.0,0.0,0.0,0.0
1.0,1.0,0.0,1.0,0.0,1.0,0.0,1.0,0.0,0.0,1.0
1.0,1.0,0.0,1.0,0.0,1.0,0.0,1.0,0.0,1.0,0.0
1.0,1.0,0.0,1.0,0.0,1.0,0.0,1.0,0.0,1.0,1.0
1.0,1.0,0.0,1.0,0.0,1.0,0.0,1.0,1.0,0.0,0.0
1.0,1.0,0.0,1.0,0.0,1.0,0.0,1.0,1.0,0.0,1.0
1.0,1.0,0.0,1.0,0.0,1.0,0.0,1.0,1.0,1.0,0.0
1.0,1.0,0.0,1.0,0.0,1.0,0.0,1.0,1.0,1.0,1.0
1.0,1.0,0.0,1.0,0.0,1.0,1.0,0.0,0.0,0.0,0.0
1.0,1.0,0.0,1.0,0.0,1.0,1.0,0.0,0.0,0.0,1.0
1.0,1.0,0.0,1.0,0.0,1.0,1.0,0.0,0.0,1.0,0.0
1.0,1.0,0.0,1.0,0.0,1.0,1.0,0.0,0.0,1.0,1.0
1.0,1.0,0.0,1.0,0.0,1.0,1.0,0.0,1.0,0.0,0.0
1.0,1.0,0.0,1.0,0.0,1.0,1.0,0.0,1.0,0.0,1.0
1.0,1.0,0.0,1.0,0.0,1.0,1.0,0.0,1.0,1.0,0.0
1.0,1.0,0.0,1.0,0.0,1.0,1.0,0.0,1.0,1.0,1.0
1.0,1.0,0.0,1.0,0.0,1.0,1.0,1.0,0.0,0.0,0.0
1.0,1.0,0.0,1.0,0.0,1.0,1.0,1.0,0.0,0.0,1.0
1.0,1.0,0.0,1.0,0.0,1.0,1.0,1.0,0.0,1.0,0.0
1.0,1.0,0.0,1.0,0.0,1.0,1.0,1.0,0.0,1.0,1.0
1.0,1.0,0.0,1.0,0.0,1.0,1.0,1.0,1.0,0.0,0.0
1.0,1.0,0.0,1.0,0.0,1.0,1.0,1.0,1.0,0.0,1.0
1.0,1.0,0.0,1.0,0.0,1.0,1.0,1.0,1.0,1.0,0.0
1.0,1.0,0.0,1.0,0.0,1.0,1.0,1.0,1.0,1.0,1.0
1.0,1.0,0.0,1.0,1.0,0.0,0.0,0.0,0.0,0.0,0.0
1.0,1.0,0.0,1.0,1.0,0.0,0.0,0.0,0.0,0.0,1.0
1.0,1.0,0.0,1.0,1.0,0.0,0.0,0.0,0.0,1.0,0.0
1.0,1.0,0.0,1.0,1.0,0.0,0.0,0.0,0.0,1.0,1.0
1.0,1.0,0.0,1.0,1.0,0.0,0.0,0.0,1.0,0.0,0.0
1.0,1.0,0.0,1.0,1.0,0.0,0.0,0.0,1.0,0.0,1.0
1.0,1.0,0.0,1.0,1.0,0.0,0.0,0.0,1.0,1.0,0.0
1.0,1.0,0.0,1.0,1.0,0.0,0.0,0.0,1.0,1.0,1.0
1.0,1.0,0.0,1.0,1.0,0.0,0.0,1.0,0.0,0.0,0.0
1.0,1.0,0.0,1.0,1.0,0.0,0.0,1.0,0.0,0.0,1.0
1.0,1.0,0.0,1.0,1.0,0.0,0.0,1.0,0.0,1.0,0.0
1.0,1.0,0.0,1.0,1.0,0.0,0.0,1.0,0.0,1.0,1.0
1.0,1.0,0.0,1.0,1.0,0.0,0.0,1.0,1.0,0.0,0.0
1.0,1.0,0.0,1.0,1.0,0.0,0.0,1.0,1.0,0.0,1.0
1.0,1.0,0.0,1.0,1.0,0.0,0.0,1.0,1.0,1.0,0.0
1.0,1.0,0.0,1.0,1.0,0.0,0.0,1.0,1.0,1.0,1.0
1.0,1.0,0.0,1.0,1.0,0.0,1.0,0.0,0.0,0.0,0.0
1.0,1.0,0.0,1.0,1.0,0.0,1.0,0.0,0.0,0.0,1.0
1.0,1.0,0.0,1.0,1.0,0.0,1.0,0.0,0.0,1.0,0.0
1.0,1.0,0.0,1.0,1.0,0.0,1.0,0.0,0.0,1.0,1.0
1.0,1.0,0.0,1.0,1.0,0.0,1.0,0.0,1.0,0.0,0.0
1.0,1.0,0.0,1.0,1.0,0.0,1.0,0.0,1.0,0.0,1.0
1.0,1.0,0.0,1.0,1.0,0.0,1.0,0.0,1.0,1.0,0.0
1.0,1.0,0.0,1.0,1.0,0.0,1.0,0.0,1.0,1.0,1.0
1.0,1.0,0.0,1.0,1.0,0.0,1.0,1.0,0.0,0.0,0.0
1.0,1.0,0.0,1.0,1.0,0.0,1.0,1.0,0.0,0.0,1.0
1.0,1.0,0.0,1.0,1.0,0.0,1.0,1.0,0.0,1.0,0.0
1.0,1.0,0.0,1.0,1.0,0.0,1.0,1.0,0.0,1.0,1.0
1.0,1.0,0.0,1.0,1.0,0.0,1.0,1.0,1.0,0.0,0.0
1.0,1.0,0.0,1.0,1.0,0.0,1.0,1.0,1.0,0.0,1.0
1.0,1.0,0.0,1.0,1.0,0.0,1.0,1.0,1.0,1.0,0.0
1.0,1.0,0.0,1.0,1.0,0.0,1.0,1.0,1.0,1.0,1.0
1.0,1.0,0.0,1.0,1.0,1.0,0.0,0.0,0.0,0.0,0.0
1.0,1.0,0.0,1.0,1.0,1.0,0.0,0.0,0.0,0.0,1.0
1.0,1.0,0.0,1.0,1.0,1.0,0.0,0.0,0.0,1.0,0.0
1.0,1.0,0.0,1.0,1.0,1.0,0.0,0.0,0.0,1.0,1.0
1.0,1.0,0.0,1.0,1.0,1.0,0.0,0.0,1.0,0.0,0.0
1.0,1.0,0.0,1.0,1.0,1.0,0.0,0.0,1.0,0.0,1.0
1.0,1.0,0.0,1.0,1.0,1.0,0.0,0.0,1.0,1.0,0.0
1.0,1.0,0.0,1.0,1.0,1.0,0.0,0.0,1.0,1.0,1.0
1.0,1.0,0.0,1.0,1.0,1.0,0.0,1.0,0.0,0.0,0.0
1.0,1.0,0.0,1.0,1.0,1.0,0.0,1.0,0.0,0.0,1.0
1.0,1.0,0.0,1.0,1.0,1.0,0.0,1.0,0.0,1.0,0.0
1.0,1.0,0.0,1.0,1.0,1.0,0.0,1.0,0.0,1.0,1.0
1.0,1.0,0.0,1.0,1.0,1.0,0.0,1.0,1.0,0.0,0.0
1.0,1.0,0.0,1.0,1.0,1.0,0.0,1.0,1.0,0.0,1.0
1.0,1.0,0.0,1.0,1.0,1.0,0.0,1.0,1.0,1.0,0.0
1.0,1.0,0.0,1.0,1.0,1.0,0.0,1.0,1.0,1.0,1.0
1.0,1.0,0.0,1.0,1.0,1.0,1.0,0.0,0.0,0.0,0.0
1.0,1.0,0.0,1.0,1.0,1.0,1.0,0.0,0.0,0.0,1.0
1.0,1.0,0.0,1.0,1.0,1.0,1.0,0.0,0.0,1.0,0.0
1.0,1.0,0.0,1.0,1.0,1.0,1.0,0.0,0.0,1.0,1.0
1.0,1.0,0.0,1.0,1.0,1.0,1.0,0.0,1.0,0.0,0.0
1.0,1.0,0.0,1.0,1.0,1.0,1.0,0.0,1.0,0.0,1.0
1.0,1.0,0.0,1.0,1.0,1.0,1.0,0.0,1.0,1.0,0.0
1.0,1.0,0.0,1.0,1.0,1.0,1.0,0.0,1.0,1.0,1.0
1.0,1.0,0.0,1.0,1.0,1.0,1.0,1.0,0.0,0.0,0.0
1.0,1.0,0.0,1.0,1.0,1.0,1.0,1.0,0.0,0.0,1.0
1.0,1.0,0.0,1.0,1.0,1.0,1.0,1.0,0.0,1.0,0.0
1.0,1.0,0.0,1.0,1.0,1.0,1.0,1.0,0.0,1.0,1.0
1.0,1.0,0.0,1.0,1.0,1.0,1.0,1.0,1.0,0.0,0.0
1.0,1.0,0.0,1.0,1.0,1.0,1.0,1.0,1.0,0.0,1.0
1.0,1.0,0.0,1.0,1.0,1.0,1.0,1.0,1.0,1.0,0.0
1.0,1.0,0.0,1.0,1.0,1.0,1.0,1.0,1.0,1.0,1.0
1.0,1.0,1.0,0.0,0.0,0.0,0.0,0.0,0.0,0.0,0.0
1.0,1.0,1.0,0.0,0.0,0.0,0.0,0.0,0.0,0.0,1.0
1.0,1.0,1.0,0.0,0.0,0.0,0.0,0.0,0.0,1.0,0.0
1.0,1.0,1.0,0.0,0.0,0.0,0.0,0.0,0.0,1.0,1.0
1.0,1.0,1.0,0.0,0.0,0.0,0.0,0.0,1.0,0.0,0.0
1.0,1.0,1.0,0.0,0.0,0.0,0.0,0.0,1.0,0.0,1.0
1.0,1.0,1.0,0.0,0.0,0.0,0.0,0.0,1.0,1.0,0.0
1.0,1.0,1.0,0.0,0.0,0.0,0.0,0.0,1.0,1.0,1.0
1.0,1.0,1.0,0.0,0.0,0.0,0.0,1.0,0.0,0.0,0.0
1.0,1.0,1.0,0.0,0.0,0.0,0.0,1.0,0.0,0.0,1.0
1.0,1.0,1.0,0.0,0.0,0.0,0.0,1.0,0.0,1.0,0.0
1.0,1.0,1.0,0.0,0.0,0.0,0.0,1.0,0.0,1.0,1.0
1.0,1.0,1.0,0.0,0.0,0.0,0.0,1.0,1.0,0.0,0.0
1.0,1.0,1.0,0.0,0.0,0.0,0.0,1.0,1.0,0.0,1.0
1.0,1.0,1.0,0.0,0.0,0.0,0.0,1.0,1.0,1.0,0.0
1.0,1.0,1.0,0.0,0.0,0.0,0.0,1.0,1.0,1.0,1.0
1.0,1.0,1.0,0.0,0.0,0.0,1.0,0.0,0.0,0.0,0.0
1.0,1.0,1.0,0.0,0.0,0.0,1.0,0.0,0.0,0.0,1.0
1.0,1.0,1.0,0.0,0.0,0.0,1.0,0.0,0.0,1.0,0.0
1.0,1.0,1.0,0.0,0.0,0.0,1.0,0.0,0.0,1.0,1.0
1.0,1.0,1.0,0.0,0.0,0.0,1.0,0.0,1.0,0.0,0.0
1.0,1.0,1.0,0.0,0.0,0.0,1.0,0.0,1.0,0.0,1.0
1.0,1.0,1.0,0.0,0.0,0.0,1.0,0.0,1.0,1.0,0.0
1.0,1.0,1.0,0.0,0.0,0.0,1.0,0.0,1.0,1.0,1.0
1.0,1.0,1.0,0.0,0.0,0.0,1.0,1.0,0.0,0.0,0.0
1.0,1.0,1.0,0.0,0.0,0.0,1.0,1.0,0.0,0.0,1.0
1.0,1.0,1.0,0.0,0.0,0.0,1.0,1.0,0.0,1.0,0.0
1.0,1.0,1.0,0.0,0.0,0.0,1.0,1.0,0.0,1.0,1.0
1.0,1.0,1.0,0.0,0.0,0.0,1.0,1.0,1.0,0.0,0.0
1.0,1.0,1.0,0.0,0.0,0.0,1.0,1.0,1.0,0.0,1.0
1.0,1.0,1.0,0.0,0.0,0.0,1.0,1.0,1.0,1.0,0.0
1.0,1.0,1.0,0.0,0.0,0.0,1.0,1.0,1.0,1.0,1.0
1.0,1.0,1.0,0.0,0.0,1.0,0.0,0.0,0.0,0.0,0.0
1.0,1.0,1.0,0.0,0.0,1.0,0.0,0.0,0.0,0.0,1.0
1.0,1.0,1.0,0.0,0.0,1.0,0.0,0.0,0.0,1.0,0.0
1.0,1.0,1.0,0.0,0.0,1.0,0.0,0.0,0.0,1.0,1.0
1.0,1.0,1.0,0.0,0.0,1.0,0.0,0.0,1.0,0.0,0.0
1.0,1.0,1.0,0.0,0.0,1.0,0.0,0.0,1.0,0.0,1.0
1.0,1.0,1.0,0.0,0.0,1.0,0.0,0.0,1.0,1.0,0.0
1.0,1.0,1.0,0.0,0.0,1.0,0.0,0.0,1.0,1.0,1.0
1.0,1.0,1.0,0.0,0.0,1.0,0.0,1.0,0.0,0.0,0.0
1.0,1.0,1.0,0.0,0.0,1.0,0.0,1.0,0.0,0.0,1.0
1.0,1.0,1.0,0.0,0.0,1.0,0.0,1.0,0.0,1.0,0.0
1.0,1.0,1.0,0.0,0.0,1.0,0.0,1.0,0.0,1.0,1.0
1.0,1.0,1.0,0.0,0.0,1.0,0.0,1.0,1.0,0.0,0.0
1.0,1.0,1.0,0.0,0.0,1.0,0.0,1.0,1.0,0.0,1.0
1.0,1.0,1.0,0.0,0.0,1.0,0.0,1.0,1.0,1.0,0.0
1.0,1.0,1.0,0.0,0.0,1.0,0.0,1.0,1.0,1.0,1.0
1.0,1.0,1.0,0.0,0.0,1.0,1.0,0.0,0.0,0.0,0.0
1.0,1.0,1.0,0.0,0.0,1.0,1.0,0.0,0.0,0.0,1.0
1.0,1.0,1.0,0.0,0.0,1.0,1.0,0.0,0.0,1.0,0.0
1.0,1.0,1.0,0.0,0.0,1.0,1.0,0.0,0.0,1.0,1.0
1.0,1.0,1.0,0.0,0.0,1.0,1.0,0.0,1.0,0.0,0.0
1.0,1.0,1.0,0.0,0.0,1.0,1.0,0.0,1.0,0.0,1.0
1.0,1.0,1.0,0.0,0.0,1.0,1.0,0.0,1.0,1.0,0.0
1.0,1.0,1.0,0.0,0.0,1.0,1.0,0.0,1.0,1.0,1.0
1.0,1.0,1.0,0.0,0.0,1.0,1.0,1.0,0.0,0.0,0.0
1.0,1.0,1.0,0.0,0.0,1.0,1.0,1.0,0.0,0.0,1.0
1.0,1.0,1.0,0.0,0.0,1.0,1.0,1.0,0.0,1.0,0.0
1.0,1.0,1.0,0.0,0.0,1.0,1.0,1.0,0.0,1.0,1.0
1.0,1.0,1.0,0.0,0.0,1.0,1.0,1.0,1.0,0.0,0.0
1.0,1.0,1.0,0.0,0.0,1.0,1.0,1.0,1.0,0.0,1.0
1.0,1.0,1.0,0.0,0.0,1.0,1.0,1.0,1.0,1.0,0.0
1.0,1.0,1.0,0.0,0.0,1.0,1.0,1.0,1.0,1.0,1.0
1.0,1.0,1.0,0.0,1.0,0.0,0.0,0.0,0.0,0.0,0.0
1.0,1.0,1.0,0.0,1.0,0.0,0.0,0.0,0.0,0.0,1.0
1.0,1.0,1.0,0.0,1.0,0.0,0.0,0.0,0.0,1.0,0.0
1.0,1.0,1.0,0.0,1.0,0.0,0.0,0.0,0.0,1.0,1.0
1.0,1.0,1.0,0.0,1.0,0.0,0.0,0.0,1.0,0.0,0.0
1.0,1.0,1.0,0.0,1.0,0.0,0.0,0.0,1.0,0.0,1.0
1.0,1.0,1.0,0.0,1.0,0.0,0.0,0.0,1.0,1.0,0.0
1.0,1.0,1.0,0.0,1.0,0.0,0.0,0.0,1.0,1.0,1.0
1.0,1.0,1.0,0.0,1.0,0.0,0.0,1.0,0.0,0.0,0.0
1.0,1.0,1.0,0.0,1.0,0.0,0.0,1.0,0.0,0.0,1.0
1.0,1.0,1.0,0.0,1.0,0.0,0.0,1.0,0.0,1.0,0.0
1.0,1.0,1.0,0.0,1.0,0.0,0.0,1.0,0.0,1.0,1.0
1.0,1.0,1.0,0.0,1.0,0.0,0.0,1.0,1.0,0.0,0.0
1.0,1.0,1.0,0.0,1.0,0.0,0.0,1.0,1.0,0.0,1.0
1.0,1.0,1.0,0.0,1.0,0.0,0.0,1.0,1.0,1.0,0.0
1.0,1.0,1.0,0.0,1.0,0.0,0.0,1.0,1.0,1.0,1.0
1.0,1.0,1.0,0.0,1.0,0.0,1.0,0.0,0.0,0.0,0.0
1.0,1.0,1.0,0.0,1.0,0.0,1.0,0.0,0.0,0.0,1.0
1.0,1.0,1.0,0.0,1.0,0.0,1.0,0.0,0.0,1.0,0.0
1.0,1.0,1.0,0.0,1.0,0.0,1.0,0.0,0.0,1.0,1.0
1.0,1.0,1.0,0.0,1.0,0.0,1.0,0.0,1.0,0.0,0.0
1.0,1.0,1.0,0.0,1.0,0.0,1.0,0.0,1.0,0.0,1.0
1.0,1.0,1.0,0.0,1.0,0.0,1.0,0.0,1.0,1.0,0.0
1.0,1.0,1.0,0.0,1.0,0.0,1.0,0.0,1.0,1.0,1.0
1.0,1.0,1.0,0.0,1.0,0.0,1.0,1.0,0.0,0.0,0.0
1.0,1.0,1.0,0.0,1.0,0.0,1.0,1.0,0.0,0.0,1.0
1.0,1.0,1.0,0.0,1.0,0.0,1.0,1.0,0.0,1.0,0.0
1.0,1.0,1.0,0.0,1.0,0.0,1.0,1.0,0.0,1.0,1.0
1.0,1.0,1.0,0.0,1.0,0.0,1.0,1.0,1.0,0.0,0.0
1.0,1.0,1.0,0.0,1.0,0.0,1.0,1.0,1.0,0.0,1.0
1.0,1.0,1.0,0.0,1.0,0.0,1.0,1.0,1.0,1.0,0.0
1.0,1.0,1.0,0.0,1.0,0.0,1.0,1.0,1.0,1.0,1.0
1.0,1.0,1.0,0.0,1.0,1.0,0.0,0.0,0.0,0.0,0.0
1.0,1.0,1.0,0.0,1.0,1.0,0.0,0.0,0.0,0.0,1.0
1.0,1.0,1.0,0.0,1.0,1.0,0.0,0.0,0.0,1.0,0.0
1.0,1.0,1.0,0.0,1.0,1.0,0.0,0.0,0.0,1.0,1.0
1.0,1.0,1.0,0.0,1.0,1.0,0.0,0.0,1.0,0.0,0.0
1.0,1.0,1.0,0.0,1.0,1.0,0.0,0.0,1.0,0.0,1.0
1.0,1.0,1.0,0.0,1.0,1.0,0.0,0.0,1.0,1.0,0.0
1.0,1.0,1.0,0.0,1.0,1.0,0.0,0.0,1.0,1.0,1.0
1.0,1.0,1.0,0.0,1.0,1.0,0.0,1.0,0.0,0.0,0.0
1.0,1.0,1.0,0.0,1.0,1.0,0.0,1.0,0.0,0.0,1.0
1.0,1.0,1.0,0.0,1.0,1.0,0.0,1.0,0.0,1.0,0.0
1.0,1.0,1.0,0.0,1.0,1.0,0.0,1.0,0.0,1.0,1.0
1.0,1.0,1.0,0.0,1.0,1.0,0.0,1.0,1.0,0.0,0.0
1.0,1.0,1.0,0.0,1.0,1.0,0.0,1.0,1.0,0.0,1.0
1.0,1.0,1.0,0.0,1.0,1.0,0.0,1.0,1.0,1.0,0.0
1.0,1.0,1.0,0.0,1.0,1.0,0.0,1.0,1.0,1.0,1.0
1.0,1.0,1.0,0.0,1.0,1.0,1.0,0.0,0.0,0.0,0.0
1.0,1.0,1.0,0.0,1.0,1.0,1.0,0.0,0.0,0.0,1.0
1.0,1.0,1.0,0.0,1.0,1.0,1.0,0.0,0.0,1.0,0.0
1.0,1.0,1.0,0.0,1.0,1.0,1.0,0.0,0.0,1.0,1.0
1.0,1.0,1.0,0.0,1.0,1.0,1.0,0.0,1.0,0.0,0.0
1.0,1.0,1.0,0.0,1.0,1.0,1.0,0.0,1.0,0.0,1.0
1.0,1.0,1.0,0.0,1.0,1.0,1.0,0.0,1.0,1.0,0.0
1.0,1.0,1.0,0.0,1.0,1.0,1.0,0.0,1.0,1.0,1.0
1.0,1.0,1.0,0.0,1.0,1.0,1.0,1.0,0.0,0.0,0.0
1.0,1.0,1.0,0.0,1.0,1.0,1.0,1.0,0.0,0.0,1.0
1.0,1.0,1.0,0.0,1.0,1.0,1.0,1.0,0.0,1.0,0.0
1.0,1.0,1.0,0.0,1.0,1.0,1.0,1.0,0.0,1.0,1.0
1.0,1.0,1.0,0.0,1.0,1.0,1.0,1.0,1.0,0.0,0.0
1.0,1.0,1.0,0.0,1.0,1.0,1.0,1.0,1.0,0.0,1.0
1.0,1.0,1.0,0.0,1.0,1.0,1.0,1.0,1.0,1.0,0.0
1.0,1.0,1.0,0.0,1.0,1.0,1.0,1.0,1.0,1.0,1.0
1.0,1.0,1.0,1.0,0.0,0.0,0.0,0.0,0.0,0.0,0.0
1.0,1.0,1.0,1.0,0.0,0.0,0.0,0.0,0.0,0.0,1.0
1.0,1.0,1.0,1.0,0.0,0.0,0.0,0.0,0.0,1.0,0.0
1.0,1.0,1.0,1.0,0.0,0.0,0.0,0.0,0.0,1.0,1.0
1.0,1.0,1.0,1.0,0.0,0.0,0.0,0.0,1.0,0.0,0.0
1.0,1.0,1.0,1.0,0.0,0.0,0.0,0.0,1.0,0.0,1.0
1.0,1.0,1.0,1.0,0.0,0.0,0.0,0.0,1.0,1.0,0.0
1.0,1.0,1.0,1.0,0.0,0.0,0.0,0.0,1.0,1.0,1.0
1.0,1.0,1.0,1.0,0.0,0.0,0.0,1.0,0.0,0.0,0.0
1.0,1.0,1.0,1.0,0.0,0.0,0.0,1.0,0.0,0.0,1.0
1.0,1.0,1.0,1.0,0.0,0.0,0.0,1.0,0.0,1.0,0.0
1.0,1.0,1.0,1.0,0.0,0.0,0.0,1.0,0.0,1.0,1.0
1.0,1.0,1.0,1.0,0.0,0.0,0.0,1.0,1.0,0.0,0.0
1.0,1.0,1.0,1.0,0.0,0.0,0.0,1.0,1.0,0.0,1.0
1.0,1.0,1.0,1.0,0.0,0.0,0.0,1.0,1.0,1.0,0.0
1.0,1.0,1.0,1.0,0.0,0.0,0.0,1.0,1.0,1.0,1.0
1.0,1.0,1.0,1.0,0.0,0.0,1.0,0.0,0.0,0.0,0.0
1.0,1.0,1.0,1.0,0.0,0.0,1.0,0.0,0.0,0.0,1.0
1.0,1.0,1.0,1.0,0.0,0.0,1.0,0.0,0.0,1.0,0.0
1.0,1.0,1.0,1.0,0.0,0.0,1.0,0.0,0.0,1.0,1.0
1.0,1.0,1.0,1.0,0.0,0.0,1.0,0.0,1.0,0.0,0.0
1.0,1.0,1.0,1.0,0.0,0.0,1.0,0.0,1.0,0.0,1.0
1.0,1.0,1.0,1.0,0.0,0.0,1.0,0.0,1.0,1.0,0.0
1.0,1.0,1.0,1.0,0.0,0.0,1.0,0.0,1.0,1.0,1.0
1.0,1.0,1.0,1.0,0.0,0.0,1.0,1.0,0.0,0.0,0.0
1.0,1.0,1.0,1.0,0.0,0.0,1.0,1.0,0.0,0.0,1.0
1.0,1.0,1.0,1.0,0.0,0.0,1.0,1.0,0.0,1.0,0.0
1.0,1.0,1.0,1.0,0.0,0.0,1.0,1.0,0.0,1.0,1.0
1.0,1.0,1.0,1.0,0.0,0.0,1.0,1.0,1.0,0.0,0.0
1.0,1.0,1.0,1.0,0.0,0.0,1.0,1.0,1.0,0.0,1.0
1.0,1.0,1.0,1.0,0.0,0.0,1.0,1.0,1.0,1.0,0.0
1.0,1.0,1.0,1.0,0.0,0.0,1.0,1.0,1.0,1.0,1.0
1.0,1.0,1.0,1.0,0.0,1.0,0.0,0.0,0.0,0.0,0.0
1.0,1.0,1.0,1.0,0.0,1.0,0.0,0.0,0.0,0.0,1.0
1.0,1.0,1.0,1.0,0.0,1.0,0.0,0.0,0.0,1.0,0.0
1.0,1.0,1.0,1.0,0.0,1.0,0.0,0.0,0.0,1.0,1.0
1.0,1.0,1.0,1.0,0.0,1.0,0.0,0.0,1.0,0.0,0.0
1.0,1.0,1.0,1.0,0.0,1.0,0.0,0.0,1.0,0.0,1.0
1.0,1.0,1.0,1.0,0.0,1.0,0.0,0.0,1.0,1.0,0.0
1.0,1.0,1.0,1.0,0.0,1.0,0.0,0.0,1.0,1.0,1.0
1.0,1.0,1.0,1.0,0.0,1.0,0.0,1.0,0.0,0.0,0.0
1.0,1.0,1.0,1.0,0.0,1.0,0.0,1.0,0.0,0.0,1.0
1.0,1.0,1.0,1.0,0.0,1.0,0.0,1.0,0.0,1.0,0.0
1.0,1.0,1.0,1.0,0.0,1.0,0.0,1.0,0.0,1.0,1.0
1.0,1.0,1.0,1.0,0.0,1.0,0.0,1.0,1.0,0.0,0.0
1.0,1.0,1.0,1.0,0.0,1.0,0.0,1.0,1.0,0.0,1.0
1.0,1.0,1.0,1.0,0.0,1.0,0.0,1.0,1.0,1.0,0.0
1.0,1.0,1.0,1.0,0.0,1.0,0.0,1.0,1.0,1.0,1.0
1.0,1.0,1.0,1.0,0.0,1.0,1.0,0.0,0.0,0.0,0.0
1.0,1.0,1.0,1.0,0.0,1.0,1.0,0.0,0.0,0.0,1.0
1.0,1.0,1.0,1.0,0.0,1.0,1.0,0.0,0.0,1.0,0.0
1.0,1.0,1.0,1.0,0.0,1.0,1.0,0.0,0.0,1.0,1.0
1.0,1.0,1.0,1.0,0.0,1.0,1.0,0.0,1.0,0.0,0.0
1.0,1.0,1.0,1.0,0.0,1.0,1.0,0.0,1.0,0.0,1.0
1.0,1.0,1.0,1.0,0.0,1.0,1.0,0.0,1.0,1.0,0.0
1.0,1.0,1.0,1.0,0.0,1.0,1.0,0.0,1.0,1.0,1.0
1.0,1.0,1.0,1.0,0.0,1.0,1.0,1.0,0.0,0.0,0.0
1.0,1.0,1.0,1.0,0.0,1.0,1.0,1.0,0.0,0.0,1.0
1.0,1.0,1.0,1.0,0.0,1.0,1.0,1.0,0.0,1.0,0.0
1.0,1.0,1.0,1.0,0.0,1.0,1.0,1.0,0.0,1.0,1.0
1.0,1.0,1.0,1.0,0.0,1.0,1.0,1.0,1.0,0.0,0.0
1.0,1.0,1.0,1.0,0.0,1.0,1.0,1.0,1.0,0.0,1.0
1.0,1.0,1.0,1.0,0.0,1.0,1.0,1.0,1.0,1.0,0.0
1.0,1.0,1.0,1.0,0.0,1.0,1.0,1.0,1.0,1.0,1.0
1.0,1.0,1.0,1.0,1.0,0.0,0.0,0.0,0.0,0.0,0.0
1.0,1.0,1.0,1.0,1.0,0.0,0.0,0.0,0.0,0.0,1.0
1.0,1.0,1.0,1.0,1.0,0.0,0.0,0.0,0.0,1.0,0.0
1.0,1.0,1.0,1.0,1.0,0.0,0.0,0.0,0.0,1.0,1.0
1.0,1.0,1.0,1.0,1.0,0.0,0.0,0.0,1.0,0.0,0.0
1.0,1.0,1.0,1.0,1.0,0.0,0.0,0.0,1.0,0.0,1.0
1.0,1.0,1.0,1.0,1.0,0.0,0.0,0.0,1.0,1.0,0.0
1.0,1.0,1.0,1.0,1.0,0.0,0.0,0.0,1.0,1.0,1.0
1.0,1.0,1.0,1.0,1.0,0.0,0.0,1.0,0.0,0.0,0.0
1.0,1.0,1.0,1.0,1.0,0.0,0.0,1.0,0.0,0.0,1.0
1.0,1.0,1.0,1.0,1.0,0.0,0.0,1.0,0.0,1.0,0.0
1.0,1.0,1.0,1.0,1.0,0.0,0.0,1.0,0.0,1.0,1.0
1.0,1.0,1.0,1.0,1.0,0.0,0.0,1.0,1.0,0.0,0.0
1.0,1.0,1.0,1.0,1.0,0.0,0.0,1.0,1.0,0.0,1.0
1.0,1.0,1.0,1.0,1.0,0.0,0.0,1.0,1.0,1.0,0.0
1.0,1.0,1.0,1.0,1.0,0.0,0.0,1.0,1.0,1.0,1.0
1.0,1.0,1.0,1.0,1.0,0.0,1.0,0.0,0.0,0.0,0.0
1.0,1.0,1.0,1.0,1.0,0.0,1.0,0.0,0.0,0.0,1.0
1.0,1.0,1.0,1.0,1.0,0.0,1.0,0.0,0.0,1.0,0.0
1.0,1.0,1.0,1.0,1.0,0.0,1.0,0.0,0.0,1.0,1.0
1.0,1.0,1.0,1.0,1.0,0.0,1.0,0.0,1.0,0.0,0.0
1.0,1.0,1.0,1.0,1.0,0.0,1.0,0.0,1.0,0.0,1.0
1.0,1.0,1.0,1.0,1.0,0.0,1.0,0.0,1.0,1.0,0.0
1.0,1.0,1.0,1.0,1.0,0.0,1.0,0.0,1.0,1.0,1.0
1.0,1.0,1.0,1.0,1.0,0.0,1.0,1.0,0.0,0.0,0.0
1.0,1.0,1.0,1.0,1.0,0.0,1.0,1.0,0.0,0.0,1.0
1.0,1.0,1.0,1.0,1.0,0.0,1.0,1.0,0.0,1.0,0.0
1.0,1.0,1.0,1.0,1.0,0.0,1.0,1.0,0.0,1.0,1.0
1.0,1.0,1.0,1.0,1.0,0.0,1.0,1.0,1.0,0.0,0.0
1.0,1.0,1.0,1.0,1.0,0.0,1.0,1.0,1.0,0.0,1.0
1.0,1.0,1.0,1.0,1.0,0.0,1.0,1.0,1.0,1.0,0.0
1.0,1.0,1.0,1.0,1.0,0.0,1.0,1.0,1.0,1.0,1.0
1.0,1.0,1.0,1.0,1.0,1.0,0.0,0.0,0.0,0.0,0.0
1.0,1.0,1.0,1.0,1.0,1.0,0.0,0.0,0.0,0.0,1.0
1.0,1.0,1.0,1.0,1.0,1.0,0.0,0.0,0.0,1.0,0.0
1.0,1.0,1.0,1.0,1.0,1.0,0.0,0.0,0.0,1.0,1.0
1.0,1.0,1.0,1.0,1.0,1.0,0.0,0.0,1.0,0.0,0.0
1.0,1.0,1.0,1.0,1.0,1.0,0.0,0.0,1.0,0.0,1.0
1.0,1.0,1.0,1.0,1.0,1.0,0.0,0.0,1.0,1.0,0.0
1.0,1.0,1.0,1.0,1.0,1.0,0.0,0.0,1.0,1.0,1.0
1.0,1.0,1.0,1.0,1.0,1.0,0.0,1.0,0.0,0.0,0.0
1.0,1.0,1.0,1.0,1.0,1.0,0.0,1.0,0.0,0.0,1.0
1.0,1.0,1.0,1.0,1.0,1.0,0.0,1.0,0.0,1.0,0.0
1.0,1.0,1.0,1.0,1.0,1.0,0.0,1.0,0.0,1.0,1.0
1.0,1.0,1.0,1.0,1.0,1.0,0.0,1.0,1.0,0.0,0.0
1.0,1.0,1.0,1.0,1.0,1.0,0.0,1.0,1.0,0.0,1.0
1.0,1.0,1.0,1.0,1.0,1.0,0.0,1.0,1.0,1.0,0.0
1.0,1.0,1.0,1.0,1.0,1.0,0.0,1.0,1.0,1.0,1.0
1.0,1.0,1.0,1.0,1.0,1.0,1.0,0.0,0.0,0.0,0.0
1.0,1.0,1.0,1.0,1.0,1.0,1.0,0.0,0.0,0.0,1.0
1.0,1.0,1.0,1.0,1.0,1.0,1.0,0.0,0.0,1.0,0.0
1.0,1.0,1.0,1.0,1.0,1.0,1.0,0.0,0.0,1.0,1.0
1.0,1.0,1.0,1.0,1.0,1.0,1.0,0.0,1.0,0.0,0.0
1.0,1.0,1.0,1.0,1.0,1.0,1.0,0.0,1.0,0.0,1.0
1.0,1.0,1.0,1.0,1.0,1.0,1.0,0.0,1.0,1.0,0.0
1.0,1.0,1.0,1.0,1.0,1.0,1.0,0.0,1.0,1.0,1.0
1.0,1.0,1.0,1.0,1.0,1.0,1.0,1.0,0.0,0.0,0.0
1.0,1.0,1.0,1.0,1.0,1.0,1.0,1.0,0.0,0.0,1.0
1.0,1.0,1.0,1.0,1.0,1.0,1.0,1.0,0.0,1.0,0.0
1.0,1.0,1.0,1.0,1.0,1.0,1.0,1.0,0.0,1.0,1.0
1.0,1.0,1.0,1.0,1.0,1.0,1.0,1.0,1.0,0.0,0.0
1.0,1.0,1.0,1.0,1.0,1.0,1.0,1.0,1.0,0.0,1.0
1.0,1.0,1.0,1.0,1.0,1.0,1.0,1.0,1.0,1.0,0.0
1.0,1.0,1.0,1.0,1.0,1.0,1.0,1.0,1.0,1.0,1.0
