config_id,train_time,accuracy
4.204212666,0.021177292,91.03641457
4.250855446,0.022922039,91.03641457
4.314450741,0.021887779,88.79551821
4.212651491,0.02124095,88.79551821
4.357851028,0.022766352,90.19607843
4.253693819,0.021522284,90.19607843
4.431172371,0.027092218,88.23529412
4.710621119,0.022891998,88.23529412
6.995064497,0.02454114,90.47619048
7.059353113,0.023134708,90.47619048
6.929654598,0.022460222,89.3557423
6.929090261,0.024012566,89.3557423
7.015126228,0.023315191,89.3557423
7.032507181,0.023032427,89.3557423
7.099682808,0.021758318,88.23529412
7.102975368,0.022832632,88.23529412
4.34992528,0.025072336,88.79551821
4.085096359,0.024084806,88.79551821
4.411587,0.023099661,89.07563025
4.15611434,0.023439407,89.07563025
4.153197765,0.021215677,89.91596639
4.338097572,0.030987978,89.91596639
4.292851448,0.024251938,88.79551821
4.185328484,0.023061514,88.79551821
6.809030056,0.021962643,91.03641457
6.993149757,0.023802042,91.03641457
7.005512238,0.023532152,89.3557423
7.171186447,0.023774147,89.3557423
6.865565777,0.022685528,90.19607843
6.837286711,0.022340536,90.19607843
6.815313816,0.02153039,89.63585434
6.840713978,0.023276091,89.63585434
4.248583317,0.023472071,91.03641457
4.231042147,0.02233386,91.03641457
4.280351162,0.021473169,88.79551821
4.245104313,0.023580074,88.79551821
4.242316723,0.022959948,90.19607843
4.210551977,0.022170305,90.19607843
4.266141415,0.02276063,88.23529412
4.442695856,0.023027182,88.23529412
6.971152782,0.021456003,90.47619048
6.856479168,0.022306204,90.47619048
6.971022844,0.023063421,89.3557423
6.871712685,0.023361444,89.3557423
6.835029602,0.024695635,89.3557423
6.883856773,0.021100521,89.3557423
6.920585394,0.021897793,88.23529412
7.030667543,0.022903442,88.23529412
4.318639994,0.024077892,88.79551821
4.177594423,0.022021294,88.79551821
4.106695175,0.023366213,89.07563025
4.068928242,0.025382757,89.07563025
4.118543148,0.021625996,89.91596639
4.037541866,0.021675825,89.91596639
4.071195602,0.022669554,88.79551821
4.075652838,0.022150517,88.79551821
6.733614206,0.021119118,91.03641457
6.719479561,0.027213097,91.03641457
6.789952755,0.021950722,89.3557423
6.928618908,0.025033474,89.3557423
6.952732325,0.021576643,90.19607843
6.912620306,0.021360159,90.19607843
6.856925011,0.022153378,89.63585434
6.78881979,0.02419591,89.63585434
4.314827919,0.021175385,82.07282913
4.249762774,0.021869898,82.07282913
4.237660646,0.022456884,82.07282913
4.229117632,0.022848368,82.07282913
4.252729416,0.022303343,81.51260504
4.210609913,0.024133205,81.51260504
4.420457602,0.026728392,81.232493
4.559291124,0.023910761,81.232493
6.973114967,0.022974014,71.42857143
6.897921085,0.023393154,71.42857143
6.936531067,0.020904303,71.42857143
6.901305676,0.021915674,71.42857143
6.954142809,0.022259712,70.0280112
7.017999411,0.021515846,70.0280112
6.969513893,0.022226572,69.46778711
7.010348797,0.020596504,69.46778711
4.291699648,0.024024487,81.51260504
4.114629269,0.021350622,81.51260504
4.056315899,0.025841475,80.95238095
4.095757484,0.022367954,80.95238095
4.143235207,0.021668434,79.83193277
4.009194374,0.021737576,79.83193277
4.118354082,0.023934364,79.83193277
3.982340097,0.023771286,79.83193277
6.839698315,0.02223897,65.54621849
7.1072855,0.021581411,65.54621849
7.103676319,0.021649122,65.54621849
7.206302643,0.022165537,65.54621849
7.345010281,0.021289587,65.26610644
6.923677206,0.021327972,65.26610644
7.457774639,0.020388365,65.26610644
6.92449832,0.023603916,65.26610644
4.352024555,0.021715641,82.07282913
4.261122227,0.021652937,82.07282913
4.169796467,0.021103144,82.07282913
4.327259302,0.021922112,82.07282913
4.440760851,0.023669481,81.51260504
4.248877287,0.024234533,81.51260504
4.305694818,0.021437168,81.232493
4.43290329,0.021589518,81.232493
7.123109818,0.0251472,71.42857143
7.262203455,0.022207737,71.42857143
6.996369362,0.021747589,71.42857143
6.887863874,0.024306059,71.42857143
6.974793196,0.021983147,70.0280112
6.957933426,0.021904469,70.0280112
6.878038645,0.022370815,69.46778711
7.069391966,0.022042513,69.46778711
4.324823856,0.021607399,81.51260504
4.047049522,0.021455526,81.51260504
4.235754967,0.02295804,80.95238095
4.05869031,0.023822069,80.95238095
4.114724159,0.020865679,79.83193277
4.315728426,0.022168636,79.83193277
4.114639759,0.021132946,79.83193277
4.163925171,0.022826195,79.83193277
6.758763075,0.022469044,65.54621849
6.673815489,0.022433043,65.54621849
6.757176876,0.021280289,65.54621849
7.046188116,0.02133441,65.54621849
6.983729839,0.02021575,65.26610644
6.801618814,0.021678686,65.26610644
6.79621911,0.024667263,65.26610644
6.74296093,0.021136045,65.26610644
11.81294584,0.043227911,89.91596639
11.96516538,0.044452667,89.91596639
11.90453506,0.043928623,90.75630252
11.38962245,0.042422056,90.75630252
12.23145628,0.045792341,91.03641457
11.96383405,0.047632694,91.03641457
11.84101582,0.042335272,89.91596639
12.12382364,0.045989513,89.91596639
22.81677699,0.046674728,89.3557423
22.79334235,0.045430899,89.3557423
21.64866948,0.045545101,89.63585434
21.35336828,0.044454098,89.63585434
22.70284867,0.048526287,89.3557423
22.94532657,0.043828249,89.3557423
22.01157904,0.049163342,90.19607843
22.26304007,0.045779705,90.19607843
13.18088436,0.052824259,90.19607843
13.22480392,0.045664072,90.19607843
11.62488842,0.042073011,90.19607843
11.74798346,0.041361809,90.19607843
13.74264622,0.047245502,89.3557423
13.37090921,0.046777725,89.3557423
12.76894927,0.04609251,90.19607843
12.87426448,0.04526782,90.19607843
25.83577037,0.049704075,89.3557423
25.58094645,0.048633337,89.3557423
19.91450405,0.03660655,89.3557423
20.42009258,0.036922932,89.3557423
25.22893763,0.045077085,88.79551821
26.4995029,0.048386335,88.79551821
22.05132484,0.039877415,89.07563025
22.17362666,0.045138836,89.07563025
12.41133213,0.04786396,89.91596639
12.021559,0.046182156,89.91596639
11.60696769,0.043170929,90.75630252
11.51893282,0.046908617,90.75630252
12.13792658,0.044477224,91.03641457
12.56771469,0.050492048,91.03641457
11.88674545,0.044373512,89.91596639
12.08574271,0.047688246,89.91596639
22.69645047,0.045737982,89.3557423
23.08836913,0.052053452,89.3557423
21.18820357,0.042879581,89.63585434
21.0608232,0.043073654,89.63585434
22.71201515,0.04834342,89.3557423
22.42369246,0.04232049,89.3557423
22.50390506,0.044365644,90.19607843
21.99466777,0.047083139,90.19607843
13.23040009,0.047919035,90.19607843
13.2743268,0.048818827,90.19607843
12.34645391,0.047426462,90.19607843
11.94098711,0.04198885,90.19607843
13.38520241,0.045923948,89.3557423
13.46579695,0.046987534,89.3557423
13.35251999,0.046303034,90.19607843
13.48798013,0.04994297,90.19607843
25.56560731,0.047862053,89.3557423
26.18490076,0.051292658,89.3557423
20.08821893,0.035395861,89.3557423
20.07708573,0.037285328,89.3557423
26.46812201,0.043469667,88.79551821
25.78971767,0.044717789,88.79551821
22.26792836,0.044383764,89.07563025
22.47419977,0.038812637,89.07563025
14.63454771,0.056140423,86.83473389
14.90294099,0.054353714,86.83473389
14.01204896,0.048973083,85.99439776
13.50359154,0.051456451,85.99439776
14.00094843,0.056647539,85.71428571
13.9946909,0.05708313,85.71428571
13.61792183,0.050165653,85.71428571
13.50136828,0.048952579,85.71428571
27.5783298,0.053762913,84.87394958
28.31891918,0.053832054,84.87394958
25.15426993,0.044065952,83.7535014
25.39705229,0.056818247,83.7535014
26.01463103,0.043928623,83.7535014
25.86312509,0.046185255,83.7535014
25.49341631,0.042021275,83.7535014
24.804353,0.046259403,83.7535014
14.90865946,0.054203033,89.63585434
15.06347322,0.052168369,89.63585434
14.14212084,0.047662973,88.79551821
14.13786697,0.049052954,88.79551821
14.32576704,0.050433874,89.07563025
14.58801579,0.047385931,89.07563025
14.12341928,0.047361135,88.23529412
14.11586881,0.047537565,88.23529412
28.17276812,0.049633503,81.51260504
28.64488268,0.051693439,81.51260504
27.23493934,0.038411379,81.232493
26.6418047,0.042510986,81.232493
26.41794729,0.040313721,80.95238095
26.60751796,0.042987347,80.95238095
26.4390471,0.04604435,80.95238095
26.72285676,0.045322657,80.95238095
14.86292505,0.061493635,86.83473389
14.88146687,0.059306622,86.83473389
14.06057572,0.049784422,85.99439776
13.73563337,0.049883842,85.99439776
14.25221109,0.052225351,85.71428571
14.33073854,0.050178051,85.71428571
13.5761795,0.048478365,85.71428571
13.91744065,0.051882267,85.71428571
27.14952564,0.052176714,84.87394958
27.85013032,0.050811768,84.87394958
25.15848804,0.043035269,83.7535014
25.20553708,0.042588711,83.7535014
26.06586075,0.04314661,83.7535014
25.75490904,0.053220987,83.7535014
25.39033628,0.043422461,83.7535014
24.99230218,0.044505358,83.7535014
14.84130812,0.052550316,89.63585434
15.31666303,0.064104557,89.63585434
14.26269674,0.047539711,88.79551821
14.25523829,0.046295881,88.79551821
14.45896745,0.049428701,89.07563025
14.95750332,0.050384521,89.07563025
14.14301682,0.048223257,88.23529412
14.4219861,0.051283836,88.23529412
29.23424077,0.05096674,81.51260504
28.50018001,0.050242424,81.51260504
27.19136834,0.043283939,81.232493
27.14218736,0.042831421,81.232493
26.87632775,0.043346167,80.95238095
27.37168312,0.040194988,80.95238095
26.96030641,0.05137372,80.95238095
27.41669011,0.044959307,80.95238095
2.152140617,0.012362242,90.19607843
2.170730829,0.013002396,90.19607843
2.057478666,0.011615992,87.67507003
2.154032946,0.013666868,87.67507003
2.153719425,0.012264252,87.39495798
2.109025478,0.01239109,87.39495798
2.129838467,0.014484882,85.71428571
2.111365557,0.013108969,85.71428571
3.480781317,0.013610363,90.75630252
3.535464048,0.013339043,90.75630252
3.488821745,0.012941837,87.39495798
3.470568895,0.011945724,87.39495798
3.489322662,0.012073278,87.95518207
3.52613759,0.012924433,87.95518207
3.591608524,0.01184392,85.71428571
3.71418643,0.014177322,85.71428571
2.186587334,0.014043808,88.23529412
2.041787624,0.012629032,88.23529412
1.993481874,0.013774872,86.83473389
2.100578308,0.013079643,86.83473389
2.034279585,0.013564587,87.11484594
1.978254318,0.012372732,87.11484594
2.112529516,0.012449741,85.43417367
2.093500614,0.013872385,85.43417367
3.371159315,0.012316704,90.19607843
3.440629005,0.014609337,90.19607843
3.346671343,0.012710571,86.55462185
3.355414391,0.012328625,86.55462185
3.451125622,0.012473822,87.67507003
3.352245808,0.012296677,87.67507003
3.378356934,0.013336897,85.71428571
3.353641272,0.013102293,85.71428571
2.091335297,0.013425827,90.19607843
2.152844191,0.012639046,90.19607843
2.071565151,0.012162209,87.67507003
2.106152296,0.01305604,87.67507003
2.200085163,0.012931585,87.39495798
2.170251369,0.013790846,87.39495798
2.236894608,0.013852835,85.71428571
2.321816921,0.013405323,85.71428571
3.466850281,0.012613297,90.75630252
3.500031948,0.013133287,90.75630252
3.411326408,0.012017727,87.39495798
3.455524683,0.014044762,87.39495798
3.584487438,0.012480497,87.95518207
3.384526253,0.012731552,87.95518207
3.421967506,0.013527155,85.71428571
3.408968449,0.014252901,85.71428571
2.094848633,0.013257504,88.23529412
2.150866747,0.01177907,88.23529412
1.964676619,0.011964083,86.83473389
2.050331116,0.012969255,86.83473389
2.043611765,0.012125969,87.11484594
2.123166561,0.012278318,87.11484594
1.966311455,0.01223731,85.43417367
2.118720293,0.012487888,85.43417367
3.431224346,0.01289463,90.19607843
3.369868279,0.012969971,90.19607843
3.57456398,0.012067556,86.55462185
3.594862223,0.012718439,86.55462185
3.600126266,0.013320923,87.67507003
3.439142942,0.015123606,87.67507003
3.395132542,0.012290239,85.71428571
3.348926306,0.011573076,85.71428571
2.152295589,0.012598515,82.07282913
2.217487097,0.011853218,82.07282913
2.059373617,0.012503624,82.35294118
2.137708187,0.012526512,82.35294118
2.096149683,0.013590813,82.07282913
2.107682228,0.012252569,82.07282913
2.010473967,0.012397766,80.95238095
2.165738344,0.012343884,80.95238095
3.461722612,0.012353659,71.42857143
3.417819738,0.013301611,71.42857143
3.548466921,0.013073683,70.86834734
3.460329533,0.012476206,70.86834734
3.627613544,0.013225555,69.46778711
3.376231432,0.014595032,69.46778711
3.726873159,0.012392998,69.46778711
3.593267441,0.014310122,69.46778711
2.338208675,0.012226582,81.79271709
2.109850645,0.013569593,81.79271709
1.976749897,0.012025833,81.232493
2.148743391,0.013532639,81.232493
2.153637171,0.014409304,80.67226891
2.035441875,0.01188755,80.67226891
2.018261433,0.011841297,79.83193277
2.097296715,0.012956381,79.83193277
3.663257122,0.011604548,65.54621849
3.42007494,0.012284517,65.54621849
3.408826828,0.011434317,65.54621849
3.370989323,0.012225389,65.54621849
3.456232071,0.011985064,65.26610644
3.377091646,0.013914108,65.26610644
3.510873795,0.011118412,65.26610644
3.391218662,0.011166096,65.26610644
2.250110626,0.013104677,82.07282913
2.25187254,0.012377024,82.07282913
2.085319757,0.011447906,82.35294118
2.211995363,0.014047861,82.35294118
2.212719679,0.013910294,82.07282913
2.174799442,0.015117645,82.07282913
2.251572132,0.012769699,80.95238095
2.275952816,0.013506651,80.95238095
3.509793282,0.012814999,71.42857143
3.480620861,0.011507273,71.42857143
3.447159767,0.011823893,70.86834734
3.504045725,0.012337923,70.86834734
3.614572763,0.014153719,69.46778711
3.428249836,0.013422012,69.46778711
3.466531277,0.01261282,69.46778711
3.464622736,0.012667894,69.46778711
2.019138098,0.013423204,81.79271709
2.136166334,0.012491226,81.79271709
1.98019886,0.011983633,81.232493
2.060716391,0.013599634,81.232493
2.066247463,0.012911081,80.67226891
2.133733511,0.011519194,80.67226891
2.055890322,0.013333082,79.83193277
2.102446795,0.012289286,79.83193277
3.548086166,0.012031794,65.54621849
3.472801685,0.011900902,65.54621849
3.608775616,0.011626482,65.54621849
3.72823596,0.0120368,65.54621849
3.547540665,0.011967897,65.26610644
3.379853964,0.013266087,65.26610644
3.417200804,0.01270175,65.26610644
3.515505075,0.01342845,65.26610644
7.080683947,0.031122923,90.75630252
6.896361589,0.027680874,90.75630252
6.635810137,0.025397062,89.91596639
6.704421997,0.024759769,89.91596639
7.044616222,0.026376963,90.47619048
7.015829802,0.025856495,90.47619048
7.083268404,0.025293112,89.07563025
6.491075039,0.027462959,89.07563025
12.69290972,0.02771163,89.63585434
12.66868782,0.026441574,89.63585434
11.96934557,0.032124758,89.91596639
12.57054496,0.025805473,89.91596639
12.36475945,0.024759531,89.91596639
12.26116538,0.02520752,89.91596639
12.22758245,0.0309515,88.51540616
12.43807697,0.02509737,88.51540616
7.317022085,0.028407812,89.91596639
7.537187815,0.032132626,89.91596639
6.859922171,0.025495052,89.91596639
6.867071867,0.025334835,89.91596639
7.101592541,0.02598381,89.07563025
7.120428562,0.032529831,89.07563025
6.911603928,0.025157452,89.91596639
6.862978697,0.026959181,89.91596639
13.87058401,0.029401064,89.63585434
13.61869264,0.026485205,89.63585434
13.54988217,0.024695873,89.3557423
13.33033419,0.02563262,89.3557423
13.43530273,0.026937723,88.79551821
13.731112,0.02632761,88.79551821
13.19924521,0.025571585,89.3557423
13.38493752,0.024382114,89.3557423
6.812583447,0.02760148,90.75630252
6.839747667,0.026939154,90.75630252
6.542194128,0.02464366,89.91596639
6.775384188,0.027487755,89.91596639
6.729022741,0.02519989,90.47619048
6.661934853,0.027460098,90.47619048
6.460175514,0.024861097,89.07563025
6.532011747,0.02455163,89.07563025
12.68161941,0.028488636,89.63585434
12.43230033,0.029162169,89.63585434
12.16241598,0.024478436,89.91596639
11.92988396,0.024347544,89.91596639
11.98969221,0.025517702,89.91596639
12.08407855,0.024230957,89.91596639
12.0119946,0.027956724,88.51540616
12.55499244,0.025785923,88.51540616
7.194255829,0.033285141,89.91596639
7.160766125,0.028202057,89.91596639
6.79532218,0.025194407,89.91596639
6.782702208,0.025517702,89.91596639
7.069557667,0.026393175,89.07563025
6.963035822,0.025375605,89.07563025
6.91429162,0.028247356,89.91596639
7.325861216,0.02829051,89.91596639
13.30837607,0.027159214,89.63585434
13.30374336,0.033423901,89.63585434
13.30298853,0.025046587,89.3557423
13.27769041,0.027058125,89.3557423
13.25857544,0.025038958,88.79551821
12.99637985,0.033363342,88.79551821
12.96517587,0.024725914,89.3557423
13.13416958,0.02458787,89.3557423
7.176608562,0.029350042,87.67507003
7.5171175,0.028799534,87.67507003
6.5164361,0.024442196,85.43417367
6.494633675,0.026414156,85.43417367
6.806969166,0.027177095,86.2745098
6.70821619,0.028103113,86.2745098
6.453687906,0.026293993,85.99439776
6.848534107,0.026143551,85.99439776
13.38281679,0.026930094,84.59383754
13.56480694,0.026663542,84.59383754
12.28597331,0.024056435,84.87394958
12.26311207,0.022857666,84.87394958
12.5325253,0.026131153,84.03361345
12.871387,0.024652481,84.03361345
12.17749143,0.023400068,84.03361345
12.41448164,0.026557922,84.03361345
7.201049328,0.030284643,88.79551821
7.232652426,0.028490305,88.79551821
6.90393424,0.027828932,88.51540616
6.913496494,0.02542448,88.51540616
7.36853838,0.028072119,88.51540616
7.062972546,0.025803566,88.51540616
6.811579227,0.029429436,87.67507003
6.804418087,0.027960539,87.67507003
13.47380757,0.025213003,81.79271709
13.41274405,0.026079416,81.79271709
12.95349836,0.022258997,81.232493
12.54879522,0.021400452,81.232493
12.77879024,0.021174908,80.95238095
12.83418822,0.022746801,80.95238095
12.77392268,0.022908688,80.67226891
13.13148308,0.020745277,80.67226891
7.145041227,0.028140306,87.67507003
7.193454504,0.02716589,87.67507003
6.633505106,0.02646184,85.43417367
6.595596075,0.026006222,85.43417367
6.785652637,0.028581142,86.2745098
6.81522274,0.026845694,86.2745098
6.551118612,0.025184155,85.99439776
6.829562187,0.025476694,85.99439776
13.44375157,0.025715351,84.59383754
13.23959708,0.027932882,84.59383754
12.36501455,0.023821592,84.87394958
12.2294991,0.024449825,84.87394958
13.11364079,0.023259878,84.03361345
12.61530614,0.023958445,84.03361345
12.11501908,0.025392294,84.03361345
12.26279044,0.023637056,84.03361345
7.286509752,0.027745247,88.79551821
7.325423956,0.029209614,88.79551821
7.432302237,0.024695873,88.51540616
6.898723602,0.027152538,88.51540616
7.126438618,0.027017832,88.51540616
7.096383095,0.028671741,88.51540616
6.881150007,0.027067184,87.67507003
6.959814548,0.024904728,87.67507003
13.7591393,0.029565811,81.79271709
14.12875605,0.027346373,81.79271709
12.91956687,0.021458149,81.232493
12.89741802,0.021125317,81.232493
12.77872872,0.02240634,80.95238095
13.02962208,0.023644209,80.95238095
13.06255364,0.020968914,80.67226891
12.74013186,0.021034479,80.67226891
3.641820669,0.019878864,91.03641457
3.7987113,0.019168615,91.03641457
3.646428108,0.017187357,88.79551821
3.748871803,0.018659115,88.79551821
3.698685646,0.018952847,90.19607843
3.777979851,0.020609617,90.19607843
3.708710194,0.018917799,88.23529412
3.785679102,0.018008947,88.23529412
6.166767359,0.019788027,90.47619048
5.977612734,0.02293992,90.47619048
5.774851561,0.017737865,89.3557423
5.837580919,0.018836021,89.3557423
5.743592262,0.019099951,89.3557423
5.677497387,0.019783735,89.3557423
5.620843887,0.018198967,88.23529412
5.791979313,0.01892519,88.23529412
3.939418077,0.020475388,88.79551821
4.010937929,0.018682718,88.79551821
3.925630569,0.019119263,89.07563025
3.970036983,0.021114111,89.07563025
4.170286894,0.017624378,89.91596639
3.888614655,0.018188715,89.91596639
4.004382133,0.019496202,88.79551821
3.826329231,0.018467426,88.79551821
6.285824776,0.018038988,91.03641457
6.223834038,0.018971682,91.03641457
6.194427967,0.019509554,89.3557423
6.231432915,0.019042969,89.3557423
6.235889196,0.021187544,90.19607843
6.238057852,0.019400597,90.19607843
6.414556503,0.021261215,89.63585434
6.576984167,0.018880129,89.63585434
3.706408024,0.017752409,91.03641457
3.745328188,0.018974066,91.03641457
3.689498901,0.017734766,88.79551821
3.719844818,0.019996166,88.79551821
3.711024046,0.017931461,90.19607843
3.828197718,0.018715382,90.19607843
3.760536671,0.019584656,88.23529412
3.866172075,0.019105911,88.23529412
5.777884722,0.018586397,90.47619048
5.835264683,0.019629002,90.47619048
5.757867813,0.019515038,89.3557423
5.924286842,0.019665718,89.3557423
6.114917755,0.019049644,89.3557423
5.747411251,0.019177437,89.3557423
5.744556427,0.018423796,88.23529412
5.85496068,0.019077778,88.23529412
3.966605186,0.020118952,88.79551821
3.934460163,0.019114733,88.79551821
4.044119358,0.018159628,89.07563025
3.838662148,0.02107358,89.07563025
3.98123312,0.020265579,89.91596639
3.884906769,0.019409657,89.91596639
3.978206158,0.019142389,88.79551821
3.923385143,0.018404245,88.79551821
6.408588886,0.02093482,91.03641457
6.454584122,0.018247128,91.03641457
6.317544699,0.019011736,89.3557423
6.356127977,0.018885851,89.3557423
6.301207542,0.018289566,90.19607843
6.192320108,0.019338369,90.19607843
6.211165667,0.021447659,89.63585434
6.307522774,0.018751383,89.63585434
3.742243767,0.018306255,82.07282913
3.656251669,0.018527985,82.07282913
3.763557434,0.018496513,82.07282913
3.828514576,0.019227982,82.07282913
3.9623487,0.019092083,81.51260504
3.682666063,0.01902771,81.51260504
3.873944521,0.021011114,81.232493
3.688310623,0.018070459,81.232493
6.075736284,0.018854856,71.42857143
5.83552146,0.019513369,71.42857143
5.736044407,0.019151926,71.42857143
5.924277544,0.018614054,71.42857143
5.75545001,0.018811703,70.0280112
5.827501297,0.018603325,70.0280112
5.827981472,0.018812656,69.46778711
6.06512475,0.018489838,69.46778711
3.985167503,0.0179739,81.51260504
4.001405954,0.020267248,81.51260504
3.888590097,0.018655777,80.95238095
3.982720375,0.01750803,80.95238095
3.894174337,0.018078566,79.83193277
3.982500076,0.018254995,79.83193277
3.898027182,0.019164801,79.83193277
3.97687149,0.020181179,79.83193277
6.2152071,0.020107508,65.54621849
6.289303541,0.017961979,65.54621849
6.212543488,0.01820302,65.54621849
6.451616287,0.019406319,65.54621849
6.522637844,0.018588543,65.26610644
6.468319178,0.02057457,65.26610644
6.726778507,0.021255493,65.26610644
6.614724398,0.018910408,65.26610644
3.684844971,0.018081903,82.07282913
3.763236046,0.018419743,82.07282913
3.743344069,0.018078089,82.07282913
3.779581785,0.019175768,82.07282913
3.704690456,0.019492626,81.51260504
3.776331425,0.017604589,81.51260504
3.749239445,0.018233061,81.232493
3.837251186,0.019077301,81.232493
6.060940742,0.020659447,71.42857143
5.791297674,0.017577171,71.42857143
5.802974224,0.021268368,71.42857143
5.866188526,0.018782616,71.42857143
5.852013111,0.019906521,70.0280112
5.70223403,0.018081903,70.0280112
5.778100491,0.018054247,69.46778711
5.79957509,0.01805234,69.46778711
3.978640318,0.019723654,81.51260504
3.981342316,0.01770401,81.51260504
3.939334869,0.01865387,80.95238095
3.995401621,0.021493673,80.95238095
4.186588526,0.018563032,79.83193277
3.941900492,0.017987013,79.83193277
3.958702087,0.019858837,79.83193277
3.85993886,0.018637419,79.83193277
6.406925917,0.019148111,65.54621849
6.283530712,0.02123642,65.54621849
6.208473921,0.019046068,65.54621849
6.313317537,0.028928518,65.54621849
6.287209749,0.019386053,65.26610644
6.251288652,0.019149542,65.26610644
6.518153667,0.018982172,65.26610644
6.612925291,0.019764185,65.26610644
10.28619647,0.032877207,89.91596639
10.59336495,0.032725573,89.91596639
9.877762556,0.032537222,90.75630252
9.975995302,0.030350447,90.75630252
10.7594142,0.032123089,91.03641457
10.76941109,0.034552574,91.03641457
10.25020742,0.03494978,89.91596639
10.49723101,0.033140898,89.91596639
18.94722033,0.033973217,89.3557423
19.22656107,0.038068056,89.3557423
17.3552072,0.031395912,89.63585434
17.12701154,0.030807495,89.63585434
18.51349401,0.033164024,89.3557423
18.47864342,0.033629179,89.3557423
18.06258917,0.032442808,90.19607843
18.01975226,0.040554523,90.19607843
12.71350694,0.037439823,90.19607843
12.55139232,0.032879353,90.19607843
11.22276425,0.031787872,90.19607843
11.16810346,0.030631781,90.19607843
13.03071499,0.032796621,89.3557423
13.21930242,0.033559084,89.3557423
12.234514,0.03164196,90.19607843
12.18536043,0.035962105,90.19607843
23.468256,0.037555695,89.3557423
24.17865324,0.036959887,89.3557423
18.27754784,0.026105642,89.3557423
18.2799325,0.026017427,89.3557423
23.82243705,0.036992073,88.79551821
23.35908341,0.031220198,88.79551821
20.21476746,0.029649973,89.07563025
20.74149752,0.034773827,89.07563025
10.76465535,0.034990549,89.91596639
11.11769915,0.03196311,89.91596639
10.43562698,0.036927938,90.75630252
10.3073957,0.035174608,90.75630252
11.27020574,0.035781384,91.03641457
10.53067183,0.03564477,91.03641457
10.83036327,0.034097433,89.91596639
10.18922567,0.032302618,89.91596639
18.96480608,0.033761024,89.3557423
18.46340919,0.03433609,89.3557423
17.26764631,0.031863451,89.63585434
17.64399934,0.030873299,89.63585434
18.1045711,0.030781031,89.3557423
18.5044384,0.032510757,89.3557423
18.26912546,0.033341646,90.19607843
18.17288756,0.032775164,90.19607843
12.25814414,0.032915354,90.19607843
12.48380899,0.034556389,90.19607843
10.98675847,0.033385754,90.19607843
11.46039295,0.031186819,90.19607843
12.50771642,0.034906387,89.3557423
12.51060247,0.036735296,89.3557423
12.26372719,0.033378363,90.19607843
12.13104606,0.033853769,90.19607843
24.13175631,0.042567968,89.3557423
23.20448756,0.032045364,89.3557423
18.26799297,0.02786684,89.3557423
18.29572511,0.030504942,89.3557423
23.01892543,0.033288956,88.79551821
23.6142931,0.031472445,88.79551821
19.99307775,0.034885645,89.07563025
20.0771668,0.030725718,89.07563025
12.53320694,0.037167072,86.83473389
12.68648887,0.03719449,86.83473389
11.41733932,0.035260677,85.99439776
11.49664545,0.037816286,85.99439776
11.74193239,0.038838148,85.71428571
12.17034173,0.033521175,85.71428571
11.83626175,0.035177469,85.71428571
11.50187683,0.036155701,85.71428571
21.99834037,0.035290003,84.87394958
22.37872386,0.036565542,84.87394958
20.28905368,0.033298969,83.7535014
20.82139707,0.034965992,83.7535014
22.53854942,0.035198927,83.7535014
21.4776454,0.03387475,83.7535014
21.24508381,0.033958435,83.7535014
21.41046548,0.033733368,83.7535014
14.32800293,0.03758955,89.63585434
14.49154639,0.03989172,89.63585434
13.4126699,0.03266263,88.79551821
13.70105386,0.033475399,88.79551821
13.63086271,0.041454554,89.07563025
13.86418152,0.033735752,89.07563025
13.50613666,0.03366065,88.23529412
13.75677228,0.032679558,88.23529412
26.29309559,0.038625956,81.51260504
26.50122309,0.039260387,81.51260504
24.64410639,0.031406879,81.232493
24.31473088,0.031323433,81.232493
24.66151023,0.032154083,80.95238095
24.28872633,0.031049013,80.95238095
24.68715835,0.032000065,80.95238095
25.68686247,0.031416655,80.95238095
12.72923422,0.037782192,86.83473389
12.66631484,0.039083242,86.83473389
12.07496023,0.037925482,85.99439776
11.88428807,0.034721613,85.99439776
12.06358862,0.035936117,85.71428571
11.91330957,0.033909321,85.71428571
11.86924911,0.033146858,85.71428571
11.82444572,0.035198927,85.71428571
22.369807,0.040087223,84.87394958
22.48390484,0.038004637,84.87394958
20.84831285,0.032428026,83.7535014
20.77501607,0.033861399,83.7535014
21.50923967,0.032992125,83.7535014
21.42815709,0.030785799,83.7535014
20.65578604,0.034484625,83.7535014
20.68527269,0.032958746,83.7535014
14.54043484,0.037428379,89.63585434
14.1526382,0.040370226,89.63585434
13.52765536,0.038150311,88.79551821
13.48831105,0.035468102,88.79551821
14.29857802,0.036871433,89.07563025
14.06526136,0.039311171,89.07563025
13.32431555,0.034783125,88.23529412
13.42506361,0.042087555,88.23529412
26.41068101,0.035909176,81.51260504
26.1150732,0.038307428,81.51260504
24.6957953,0.033106565,81.232493
24.2063992,0.030639887,81.232493
24.3013103,0.033722639,80.95238095
25.10866332,0.030633688,80.95238095
24.16759014,0.029954433,80.95238095
24.69066882,0.03268075,80.95238095
1.842487812,0.011950254,90.19607843
1.87528801,0.011514902,90.19607843
1.869469643,0.010790586,87.67507003
1.86284852,0.010796547,87.67507003
1.799002409,0.010875463,87.39495798
1.927033901,0.014402866,87.39495798
1.874785662,0.015575886,85.71428571
1.848319054,0.011252642,85.71428571
2.839027643,0.012582064,90.75630252
2.872570038,0.010483742,90.75630252
2.899443626,0.010864735,87.39495798
2.915093899,0.011257172,87.39495798
2.938729286,0.010990381,87.95518207
2.815271378,0.010850668,87.95518207
2.914450169,0.011418581,85.71428571
2.881382227,0.010967255,85.71428571
1.919971466,0.012533665,88.23529412
1.977543831,0.011678457,88.23529412
2.05570364,0.011298418,86.83473389
1.902914524,0.011349916,86.83473389
1.986616611,0.012361288,87.11484594
1.999161482,0.011129856,87.11484594
1.991164446,0.011136055,85.43417367
2.055621862,0.012780905,85.43417367
3.371682644,0.012816191,90.19607843
3.174760103,0.011515856,90.19607843
3.19463706,0.012403727,86.55462185
3.316256046,0.011315107,86.55462185
3.301544189,0.012750626,87.67507003
3.401633978,0.011762857,87.67507003
3.279443741,0.01155448,85.71428571
3.342913628,0.012141943,85.71428571
1.991704464,0.014365911,90.19607843
1.872363806,0.010796785,90.19607843
2.023012877,0.011229038,87.67507003
2.022108555,0.011836767,87.67507003
1.979186773,0.011758804,87.39495798
1.964473248,0.013077736,87.39495798
2.012096405,0.015106678,85.71428571
1.994765997,0.010760069,85.71428571
2.884316683,0.011115074,90.75630252
2.945373297,0.012481451,90.75630252
2.937375069,0.011078119,87.39495798
2.869705677,0.011613846,87.39495798
2.937376976,0.011234999,87.95518207
2.953461409,0.011015654,87.95518207
3.27293992,0.012643099,85.71428571
2.941253901,0.011656046,85.71428571
1.942825079,0.011291981,88.23529412
1.94903779,0.011141062,88.23529412
2.042282343,0.011385441,86.83473389
1.982028961,0.011937141,86.83473389
1.998146296,0.011880159,87.11484594
2.024389982,0.011516809,87.11484594
2.058890581,0.010784864,85.43417367
1.950955391,0.011316776,85.43417367
3.126746655,0.012523413,90.19607843
3.167339087,0.01104188,90.19607843
3.200827837,0.011136293,86.55462185
3.258391619,0.01082325,86.55462185
3.075016499,0.010897875,87.67507003
3.214733601,0.011853456,87.67507003
3.130554438,0.010842085,85.71428571
3.148735046,0.011711121,85.71428571
1.975694895,0.013079882,82.07282913
1.80348444,0.010916471,82.07282913
1.824146509,0.011248589,82.35294118
1.86416316,0.013294935,82.35294118
1.941234112,0.010951996,82.07282913
1.871164799,0.012282133,82.07282913
2.044319153,0.016396999,80.95238095
2.066372871,0.011251211,80.95238095
2.923511267,0.011503458,71.42857143
2.881339073,0.010835409,71.42857143
2.889643431,0.011842251,70.86834734
2.843893051,0.010922194,70.86834734
2.947951078,0.01119113,69.46778711
2.93362093,0.011235237,69.46778711
2.860377312,0.012660503,69.46778711
2.909895897,0.011254787,69.46778711
1.979215622,0.010907412,81.79271709
1.965573311,0.011901379,81.79271709
1.987186193,0.010621309,81.232493
2.18269825,0.01573348,81.232493
2.055676937,0.013439894,80.67226891
2.146560192,0.01157093,80.67226891
2.084416151,0.011686563,79.83193277
2.113004684,0.010725021,79.83193277
3.154264688,0.013266802,65.54621849
3.23362875,0.012699842,65.54621849
3.114027023,0.011121273,65.54621849
3.171354294,0.011031628,65.54621849
3.122398376,0.011897564,65.26610644
3.358732224,0.01133585,65.26610644
3.301428795,0.010587931,65.26610644
3.102318764,0.011472225,65.26610644
1.889461279,0.011817217,82.07282913
1.890050888,0.015325069,82.07282913
1.924896717,0.011885881,82.35294118
1.939144135,0.010974646,82.35294118
1.862812042,0.011664867,82.07282913
1.910755396,0.011056423,82.07282913
1.883699656,0.01271534,80.95238095
2.035812378,0.011574507,80.95238095
2.996324301,0.010578156,71.42857143
2.846981287,0.010857344,71.42857143
2.919289827,0.011891842,70.86834734
2.963184834,0.01084137,70.86834734
2.889307976,0.010659695,69.46778711
2.858200073,0.011112452,69.46778711
2.862153292,0.010836124,69.46778711
2.979397774,0.010776758,69.46778711
2.075725555,0.011961222,81.79271709
1.907528877,0.01123023,81.79271709
1.9491992,0.01209569,81.232493
2.005538702,0.012147427,81.232493
1.977534056,0.011437416,80.67226891
2.015338182,0.013120174,80.67226891
2.181443453,0.011668444,79.83193277
2.109542608,0.012427568,79.83193277
3.114243031,0.011230707,65.54621849
3.1127913,0.012060642,65.54621849
4.032279491,0.010570765,65.54621849
3.150590181,0.011032581,65.54621849
3.181104183,0.01060462,65.26610644
3.152741194,0.01186347,65.26610644
3.136787176,0.011584997,65.26610644
3.084214926,0.011372805,65.26610644
5.938408375,0.021008492,90.75630252
5.827497959,0.023010969,90.75630252
5.538457632,0.019960165,89.91596639
5.531604767,0.019473791,89.91596639
5.815371752,0.022727489,90.47619048
6.204942465,0.019950628,90.47619048
5.518187523,0.019357204,89.07563025
5.52899766,0.022440434,89.07563025
10.40923071,0.022626638,89.63585434
10.46456528,0.021978617,89.63585434
9.813566923,0.019011259,89.91596639
9.794184685,0.020879269,89.91596639
10.48463917,0.022370338,89.91596639
10.17698216,0.022518873,89.91596639
10.00113487,0.021178246,88.51540616
10.03996086,0.019590139,88.51540616
6.854537249,0.022222281,89.91596639
6.895976067,0.021934271,89.91596639
6.573444128,0.021113157,89.91596639
7.073546886,0.020451784,89.91596639
6.770668983,0.021365404,89.07563025
6.764127016,0.022419691,89.07563025
6.537062883,0.019474983,89.91596639
6.704414606,0.021054745,89.91596639
12.51591301,0.020568132,89.63585434
12.56318521,0.023109674,89.63585434
12.49035239,0.019766092,89.3557423
12.15865827,0.019796848,89.3557423
12.17810798,0.022185802,88.79551821
12.26018214,0.024597406,88.79551821
12.3315134,0.018036842,89.3557423
12.66580129,0.019657373,89.3557423
6.07946825,0.021576643,90.75630252
5.881045103,0.022438049,90.75630252
5.768039227,0.020341396,89.91596639
5.636132479,0.02060914,89.91596639
5.74106741,0.027396679,90.47619048
5.790948391,0.022135019,90.47619048
5.563765287,0.019361258,89.07563025
5.600652933,0.018536091,89.07563025
10.77409124,0.021307707,89.63585434
10.47973514,0.019317389,89.63585434
9.798512459,0.019304514,89.91596639
9.866574287,0.02521944,89.91596639
10.12005949,0.022029161,89.91596639
10.12813139,0.020232916,89.91596639
10.31211209,0.020524502,88.51540616
10.11363816,0.019331217,88.51540616
6.870131016,0.021888494,89.91596639
6.801325083,0.022225618,89.91596639
6.504439831,0.02007103,89.91596639
6.502320766,0.020768166,89.91596639
6.798701048,0.019909143,89.07563025
6.912127972,0.021092176,89.07563025
6.889360905,0.01971817,89.91596639
6.606389284,0.020720005,89.91596639
12.7327013,0.021492243,89.63585434
12.69645023,0.024701595,89.63585434
12.36219382,0.019720554,89.3557423
12.53704429,0.020116091,89.3557423
12.17145181,0.021413803,88.79551821
12.2906487,0.019735813,88.79551821
12.23223329,0.022262573,89.3557423
12.29969668,0.019541502,89.3557423
6.399285793,0.025692225,87.67507003
6.709010124,0.021365881,87.67507003
5.768450499,0.02099824,85.43417367
5.847233534,0.020375729,85.43417367
5.989132643,0.023170948,86.2745098
5.936689377,0.021081209,86.2745098
5.984863281,0.021271467,85.99439776
5.727312326,0.020360947,85.99439776
11.39711356,0.022036552,84.59383754
11.60905051,0.028312922,84.59383754
10.14211631,0.017857552,84.87394958
10.25688291,0.017757893,84.87394958
10.57740951,0.021176338,84.03361345
10.57228851,0.019509077,84.03361345
10.24880981,0.018821239,84.03361345
10.51089978,0.018759489,84.03361345
7.111032724,0.021882772,88.79551821
7.144141197,0.025052309,88.79551821
6.673641443,0.020522833,88.51540616
6.718314409,0.022497177,88.51540616
6.707224607,0.026749611,88.51540616
6.814309835,0.021305561,88.51540616
6.646459579,0.019412756,87.67507003
6.926696062,0.020132542,87.67507003
12.90312028,0.020236015,81.79271709
12.96464491,0.022305727,81.79271709
11.97799253,0.018421888,81.232493
12.08642602,0.018399715,81.232493
12.34715104,0.01950407,80.95238095
11.874331,0.020483971,80.95238095
12.04863644,0.019760609,80.67226891
12.01844716,0.017777443,80.67226891
6.266640186,0.024837255,87.67507003
6.286471605,0.020092964,87.67507003
5.845140219,0.019624949,85.43417367
6.100321054,0.021077871,85.43417367
5.988929749,0.023386478,86.2745098
5.982494593,0.023615122,86.2745098
5.707356691,0.02003336,85.99439776
5.808695555,0.021127701,85.99439776
10.98513889,0.021913052,84.59383754
11.13101983,0.02127552,84.59383754
10.31878543,0.019913435,84.87394958
10.34786153,0.019867659,84.87394958
10.6257472,0.019409418,84.03361345
10.77025962,0.01940012,84.03361345
10.6966939,0.019799232,84.03361345
10.28022599,0.023125887,84.03361345
7.279055119,0.024548054,88.79551821
7.418735027,0.023199081,88.79551821
6.642214298,0.020945787,88.51540616
6.882846594,0.02021718,88.51540616
6.771879196,0.020780563,88.51540616
6.884717226,0.020780802,88.51540616
6.657745361,0.020359755,87.67507003
6.791349173,0.021524429,87.67507003
13.15322256,0.022642612,81.79271709
12.9074378,0.021134853,81.79271709
12.23371625,0.017195225,81.232493
11.99294949,0.017538786,81.232493
12.13661981,0.020769596,80.95238095
12.44793129,0.020891428,80.95238095
11.95333815,0.018411875,80.67226891
12.38788605,0.018313646,80.67226891
4.003447056,0.024539948,49.29971989
4.086342812,0.023729801,49.29971989
4.033195972,0.025736809,50.42016807
3.990666866,0.023787498,50.42016807
4.048021793,0.0243752,49.29971989
4.024460554,0.023241043,49.29971989
4.020027161,0.027054548,50.14005602
4.155403614,0.027201653,50.14005602
6.741935015,0.023123264,54.34173669
6.848616123,0.026067495,54.34173669
6.941240311,0.022299051,54.62184874
6.975830793,0.022506237,54.62184874
6.619178295,0.023971081,53.78151261
6.563646793,0.025382996,53.78151261
6.560984135,0.024855137,54.62184874
6.603016376,0.023458242,54.62184874
3.932052135,0.023575544,78.99159664
4.099787474,0.024763346,78.99159664
3.864571095,0.025052786,79.55182073
3.875483274,0.023308754,79.55182073
3.866327524,0.023344517,79.27170868
3.933757544,0.023572922,79.27170868
3.880378008,0.022657871,79.55182073
3.886096239,0.022593021,79.55182073
6.52858448,0.02344203,78.71148459
6.491176367,0.022691011,78.71148459
6.435281277,0.029434681,78.99159664
6.397076845,0.02264595,78.99159664
6.467720032,0.023449421,78.71148459
6.689091444,0.022790432,78.71148459
6.485397577,0.022178173,78.99159664
6.4472754,0.023464918,78.99159664
4.023808718,0.022720575,49.29971989
3.985137224,0.024737597,49.29971989
3.950673342,0.023465633,50.42016807
4.053710222,0.026242733,50.42016807
3.971814871,0.022912741,49.29971989
4.133735657,0.023542643,49.29971989
3.967236519,0.025880575,50.14005602
4.140967369,0.024712801,50.14005602
6.632267952,0.02245903,54.34173669
6.935711384,0.023569822,54.34173669
6.483332634,0.02390027,54.62184874
6.525909662,0.023298025,54.62184874
6.629201412,0.022917509,53.78151261
6.511502028,0.0254035,53.78151261
6.556491137,0.025586128,54.62184874
6.525179386,0.023336887,54.62184874
3.859311342,0.023537159,78.99159664
3.870747089,0.023209095,78.99159664
3.930149555,0.023637533,79.55182073
3.936001062,0.023589373,79.55182073
4.12818861,0.025959253,79.27170868
3.825904846,0.022969961,79.27170868
3.868775129,0.023541212,79.55182073
3.854607582,0.02501893,79.55182073
6.481309175,0.025718927,78.71148459
6.469694853,0.023268461,78.71148459
6.544059753,0.02294898,78.99159664
6.406780481,0.022928238,78.99159664
6.461115837,0.022220135,78.71148459
6.452896595,0.021750927,78.71148459
6.701105595,0.024885893,78.99159664
6.509275675,0.021961212,78.99159664
3.983342648,0.025052547,21.00840336
3.982751369,0.025701284,21.00840336
4.063337326,0.025352955,21.00840336
3.998154879,0.02357626,21.00840336
4.019181728,0.022523642,21.00840336
3.974020481,0.02230978,21.00840336
3.96108532,0.022231579,21.00840336
3.970131159,0.022360325,21.00840336
6.609862804,0.02238369,20.72829132
6.559289932,0.021585941,20.72829132
6.675448179,0.022468805,20.44817927
6.769136429,0.02263999,20.44817927
6.590032578,0.021173239,20.44817927
6.605890036,0.022730589,20.44817927
6.576661825,0.021391392,20.44817927
6.567348957,0.02323699,20.44817927
3.862318277,0.024249792,56.8627451
3.871827364,0.02226758,56.8627451
3.840141296,0.023259401,56.8627451
3.884328842,0.02357769,56.8627451
3.886412859,0.02155447,56.8627451
3.888939381,0.023036003,56.8627451
3.986803532,0.024763584,56.8627451
4.080488205,0.022419214,56.8627451
6.427937984,0.021599054,55.18207283
6.459417105,0.021234512,55.18207283
6.406455994,0.021334887,55.18207283
6.419529915,0.021914721,55.18207283
6.420301437,0.020391703,55.18207283
6.482061625,0.021240711,55.18207283
6.455336809,0.021835089,55.18207283
6.37282896,0.021173954,55.18207283
4.076169252,0.026273251,21.00840336
4.214595079,0.02278018,21.00840336
3.919505596,0.026787043,21.00840336
4.002717018,0.023309231,21.00840336
4.050165415,0.022816658,21.00840336
4.033937693,0.023406506,21.00840336
3.969471693,0.022425652,21.00840336
4.231374025,0.023440838,21.00840336
6.566395521,0.02162075,20.72829132
6.501585007,0.023257732,20.72829132
6.558484316,0.021379232,20.44817927
6.709594011,0.024088383,20.44817927
6.808148623,0.024210691,20.44817927
6.810591221,0.021665335,20.44817927
6.7952106,0.023382187,20.44817927
7.080550432,0.023367882,20.44817927
4.101309776,0.024411201,56.8627451
4.139832973,0.023370028,56.8627451
4.176393032,0.02260232,56.8627451
4.107584953,0.027558327,56.8627451
4.519211769,0.02951932,56.8627451
4.484127522,0.02546525,56.8627451
4.489940882,0.024933338,56.8627451
4.446645975,0.02457118,56.8627451
7.673116922,0.023025751,55.18207283
7.347991467,0.02443099,55.18207283
7.401384354,0.023704529,55.18207283
7.051139832,0.023451328,55.18207283
6.742971897,0.023360014,55.18207283
6.804272413,0.021459818,55.18207283
6.624512196,0.021432161,55.18207283
6.740046024,0.021033764,55.18207283
7.585403919,0.031701565,55.46218487
7.517557144,0.032729387,55.46218487
6.670492411,0.028821468,51.54061625
6.41721034,0.027491808,51.54061625
6.998222351,0.031789541,54.90196078
7.024972916,0.03006959,54.90196078
6.593641043,0.026804686,51.54061625
6.525089741,0.026504278,51.54061625
15.94909739,0.032279253,61.9047619
15.37867618,0.030471802,61.9047619
12.87296987,0.032992363,60.78431373
12.78390145,0.027111053,60.78431373
14.74010491,0.033978939,61.06442577
14.62304592,0.036699533,61.06442577
12.83002949,0.027682304,55.46218487
12.852211,0.028403759,55.46218487
8.76583457,0.032539606,77.59103641
8.968366385,0.035115242,77.59103641
8.116546631,0.029909849,77.87114846
7.847738743,0.032137156,77.87114846
8.601006031,0.032945156,77.31092437
8.568795204,0.033368587,77.31092437
8.008672476,0.031753778,78.1512605
7.982523203,0.031031609,78.1512605
19.25058031,0.035873175,78.1512605
18.84183502,0.031796455,78.1512605
16.5240581,0.030849218,78.43137255
16.88250875,0.032240152,78.43137255
18.83511901,0.032506227,78.43137255
18.9321804,0.033280849,78.43137255
17.13851666,0.032551527,78.43137255
17.4551971,0.031294107,78.43137255
7.104176998,0.028249502,55.46218487
7.084150076,0.03054285,55.46218487
6.204214811,0.027634859,51.54061625
6.224491358,0.026036739,51.54061625
6.951567411,0.027952194,54.90196078
6.92023921,0.029206276,54.90196078
6.400714159,0.030606508,51.54061625
6.41720295,0.02635026,51.54061625
15.01591873,0.032521486,61.9047619
15.00121975,0.034318447,61.9047619
13.44889808,0.028996468,60.78431373
13.47908497,0.030908108,60.78431373
15.03174996,0.034576893,61.06442577
15.23515916,0.033069611,61.06442577
13.56284094,0.030589819,55.46218487
13.2848165,0.030989408,55.46218487
8.86349082,0.038254023,77.59103641
8.934587955,0.036601067,77.59103641
7.86864996,0.029661655,77.87114846
7.855108261,0.030135155,77.87114846
8.638998747,0.031065941,77.31092437
8.72090435,0.034313917,77.31092437
8.161552668,0.033744812,78.1512605
8.169455051,0.033049822,78.1512605
18.98573971,0.034793139,78.1512605
18.87910914,0.031352758,78.1512605
16.78091764,0.032015562,78.43137255
16.62763977,0.028763533,78.43137255
18.30321836,0.036588907,78.43137255
19.31046677,0.035656214,78.43137255
18.10757995,0.032716751,78.43137255
17.93175173,0.030944586,78.43137255
8.425874233,0.033024073,26.33053221
8.472610235,0.034306526,26.33053221
7.779983759,0.031075716,26.05042017
8.027690887,0.028836012,26.05042017
8.091881275,0.031838894,26.33053221
8.166415691,0.031174421,26.33053221
7.732799053,0.036087751,26.05042017
7.736192942,0.030543804,26.05042017
19.03887272,0.038936377,26.05042017
19.32124162,0.035545111,26.05042017
16.28643751,0.031059742,26.05042017
16.36422229,0.03172183,26.05042017
18.03671265,0.032180309,26.05042017
17.81299996,0.034682989,26.05042017
16.33797455,0.032695532,26.05042017
16.30444193,0.032001972,26.05042017
14.11621857,0.052085638,58.26330532
13.95098305,0.05060339,58.26330532
11.50567913,0.03899622,57.98319328
11.57337213,0.040704489,57.98319328
13.13335657,0.045045853,58.26330532
13.01929259,0.049224854,58.26330532
11.39238644,0.039390564,57.98319328
11.07729053,0.041101933,57.98319328
28.82272887,0.044145584,52.66106443
29.07591987,0.03922677,52.66106443
23.26070666,0.043711185,52.38095238
22.93103123,0.030166149,52.38095238
26.78122139,0.039611816,52.66106443
27.19810772,0.034456015,52.66106443
22.52211189,0.031301498,52.38095238
22.76597929,0.034829378,52.38095238
8.407301188,0.034114838,26.33053221
8.40147686,0.035762787,26.33053221
7.774530411,0.029355526,26.05042017
7.695944071,0.029434204,26.05042017
8.207958698,0.030809879,26.33053221
8.126543283,0.033186913,26.33053221
7.811400652,0.029761791,26.05042017
8.043787241,0.031264305,26.05042017
19.02711535,0.033148527,26.05042017
18.70803285,0.032853842,26.05042017
16.85036087,0.034166098,26.05042017
16.7545743,0.034507751,26.05042017
17.91023588,0.032645702,26.05042017
17.92721844,0.031616449,26.05042017
16.80549812,0.031193495,26.05042017
16.57466745,0.036499262,26.05042017
13.85232544,0.052070856,58.26330532
14.22875857,0.048963547,58.26330532
12.00985336,0.040712595,57.98319328
11.66145563,0.0394063,57.98319328
13.22195101,0.052159786,58.26330532
13.4896276,0.048835754,58.26330532
11.97873545,0.040751696,57.98319328
11.56956792,0.04578805,57.98319328
28.84318566,0.039361954,52.66106443
29.24088764,0.038734674,52.66106443
22.99251413,0.035322905,52.38095238
22.74001336,0.047055483,52.38095238
26.90374041,0.038971186,52.66106443
26.84063983,0.035664558,52.66106443
23.44334722,0.030461788,52.38095238
22.46197677,0.033144712,52.38095238
2.165247202,0.013285398,48.45938375
2.152878046,0.014141798,48.45938375
2.208396673,0.017037153,49.57983193
2.201231718,0.01556468,49.57983193
2.111241102,0.014110804,48.45938375
2.132961273,0.013697386,48.45938375
2.148655891,0.014732599,49.57983193
2.18232584,0.013469696,49.57983193
3.564945936,0.01343441,53.22128852
3.786260366,0.014264584,53.22128852
3.780222416,0.013405561,52.38095238
3.560723782,0.013305187,52.38095238
3.459490776,0.013247013,52.38095238
3.546772718,0.013147593,52.38095238
3.534306288,0.013511181,52.10084034
3.495780468,0.013495207,52.10084034
2.008433342,0.012730122,79.83193277
2.107668877,0.01289773,79.83193277
2.107156277,0.013434172,80.11204482
2.047867775,0.012421131,80.11204482
2.025775433,0.012763739,80.11204482
2.096101999,0.012708664,80.11204482
2.144937515,0.013024807,80.11204482
2.012581587,0.012735367,80.11204482
3.435148954,0.013629675,79.27170868
3.470671177,0.012835264,79.27170868
3.421828508,0.013525248,80.11204482
3.580474854,0.013287067,80.11204482
3.512135744,0.014928102,79.27170868
3.661023855,0.01398921,79.27170868
3.846359491,0.016720533,80.11204482
3.756545305,0.013620615,80.11204482
2.237183571,0.01475668,48.45938375
2.228946447,0.014532328,48.45938375
2.289443016,0.013836145,49.57983193
2.213979006,0.014914274,49.57983193
2.354288816,0.014755726,48.45938375
2.151472569,0.014603615,48.45938375
2.220006466,0.013725281,49.57983193
2.251508713,0.015389681,49.57983193
3.771761179,0.014171362,53.22128852
3.585790157,0.0143435,53.22128852
3.594397306,0.013996363,52.38095238
3.529237509,0.013053894,52.38095238
3.556457758,0.016374588,52.38095238
3.632335424,0.014556885,52.38095238
3.61986208,0.015203714,52.10084034
3.550174952,0.015002012,52.10084034
2.179536819,0.013047457,79.83193277
2.190773964,0.014683247,79.83193277
2.282680988,0.013968229,80.11204482
2.257250071,0.013135195,80.11204482
2.253450394,0.015583038,80.11204482
2.081971884,0.012597084,80.11204482
2.128662348,0.012978315,80.11204482
2.098352432,0.018726349,80.11204482
3.672873974,0.01278615,79.27170868
3.505194902,0.013338327,79.27170868
3.435486794,0.012818098,80.11204482
3.438478708,0.012230396,80.11204482
3.508293867,0.013121843,79.27170868
3.464141607,0.013486624,79.27170868
3.493655682,0.012595177,80.11204482
3.398702383,0.013020754,80.11204482
2.154690266,0.014298916,21.00840336
2.290118933,0.01436162,21.00840336
2.095059156,0.013170719,21.00840336
2.156349659,0.013610601,21.00840336
2.241919279,0.015318155,21.00840336
2.135644913,0.014627218,21.00840336
2.174152613,0.014210939,21.00840336
2.325260639,0.014362574,21.00840336
3.713232279,0.013225794,21.28851541
3.835226774,0.012876511,21.28851541
3.461101532,0.012676239,21.28851541
3.543015957,0.014144182,21.28851541
3.665602684,0.014316082,21.28851541
3.545238018,0.012329102,21.28851541
3.530809402,0.01376152,20.44817927
3.489837646,0.013261557,20.44817927
2.189761639,0.013700485,56.8627451
2.098514557,0.012748718,56.8627451
2.06868434,0.014133453,56.8627451
2.097004414,0.01434803,56.8627451
2.09221983,0.012687445,56.8627451
2.070397615,0.013592005,56.8627451
2.101701975,0.013315439,56.8627451
2.117341757,0.014291048,56.8627451
3.53020668,0.013139486,55.18207283
3.481919289,0.012515068,55.18207283
3.482048273,0.013107538,55.18207283
3.597885609,0.012475491,55.18207283
3.632549524,0.013294458,55.18207283
3.802995682,0.015451193,55.18207283
3.482221365,0.012964249,55.18207283
3.454799891,0.012303591,55.18207283
2.268971205,0.013952971,21.00840336
2.172409534,0.013898611,21.00840336
2.239657164,0.014210701,21.00840336
2.165299177,0.013446569,21.00840336
2.100149155,0.014178753,21.00840336
2.204681158,0.014397621,21.00840336
2.289724827,0.013792276,21.00840336
2.251264811,0.018757105,21.00840336
3.651075363,0.012676716,21.28851541
3.667941809,0.012878895,21.28851541
3.684776068,0.01300025,21.28851541
3.782711267,0.013447285,21.28851541
3.407848358,0.012544394,21.28851541
3.587769985,0.012513161,21.28851541
3.52899766,0.012926817,20.44817927
3.719796419,0.013004541,20.44817927
2.229198456,0.015410423,56.8627451
2.501446962,0.015364408,56.8627451
2.146751165,0.018370628,56.8627451
2.050715923,0.012405157,56.8627451
2.009144545,0.015033722,56.8627451
2.026949406,0.014022112,56.8627451
2.048117161,0.015997171,56.8627451
2.027466536,0.011915207,56.8627451
3.398801804,0.012119055,55.18207283
3.344239473,0.011226416,55.18207283
3.37638402,0.012216568,55.18207283
3.554878235,0.012469769,55.18207283
3.322060108,0.012326479,55.18207283
3.388282776,0.013960361,55.18207283
3.260715723,0.012016296,55.18207283
3.381424189,0.012471437,55.18207283
4.043838024,0.016364098,49.01960784
4.246129751,0.016781092,49.01960784
3.501405478,0.020175934,49.57983193
3.829240322,0.017778873,49.57983193
4.19516778,0.017101526,49.57983193
4.066817284,0.016940355,49.57983193
3.533573151,0.014620066,49.57983193
3.677889109,0.014912844,49.57983193
8.575552702,0.017818928,55.18207283
8.635428905,0.018505096,55.18207283
7.2374475,0.018734932,54.62184874
7.287496567,0.01712513,54.62184874
8.039330482,0.017273903,54.34173669
8.135769129,0.019079447,54.34173669
7.340468884,0.015997171,53.78151261
7.177468061,0.016100168,53.78151261
5.080872297,0.019986391,78.43137255
5.136542082,0.020957232,78.43137255
4.68436718,0.018594742,79.55182073
4.662802219,0.01802063,79.55182073
4.851358175,0.017943382,78.43137255
4.896578074,0.019520044,78.43137255
4.580972672,0.017959356,79.55182073
4.444499969,0.02117157,79.55182073
11.00435519,0.019338131,78.43137255
11.05119753,0.020510912,78.43137255
9.519501448,0.01831007,78.43137255
9.379117489,0.01731348,78.43137255
10.39032364,0.01915288,78.71148459
10.52429843,0.018375397,78.71148459
9.76170516,0.017074585,78.43137255
9.420119286,0.018538952,78.43137255
3.852012634,0.017077923,49.01960784
3.745964766,0.016791582,49.01960784
3.466591597,0.015074253,49.57983193
3.436172009,0.014592886,49.57983193
3.638134718,0.016536236,49.57983193
3.729994059,0.015615463,49.57983193
3.498481989,0.015459776,49.57983193
3.510030985,0.015528679,49.57983193
8.477477074,0.017574549,55.18207283
8.556499243,0.018676281,55.18207283
7.434298754,0.01639986,54.62184874
7.052031279,0.016950846,54.62184874
7.883802414,0.019527912,54.34173669
7.784690857,0.017301798,54.34173669
7.045447111,0.017728806,53.78151261
7.00382638,0.015772343,53.78151261
5.085483313,0.019012451,78.43137255
4.988217354,0.020428896,78.43137255
4.537600279,0.023324966,79.55182073
4.701769114,0.016968012,79.55182073
4.735044956,0.018070221,78.43137255
5.069275141,0.018511534,78.43137255
4.50129962,0.021149874,79.55182073
4.402323484,0.01740551,79.55182073
10.68809772,0.0204041,78.43137255
11.05346155,0.019538403,78.43137255
9.827733994,0.024705887,78.43137255
9.960160017,0.018936157,78.43137255
10.65195823,0.021455288,78.71148459
10.70926189,0.021462679,78.71148459
9.897248268,0.018088341,78.43137255
9.861025333,0.017737627,78.43137255
4.218240023,0.017781734,26.8907563
4.237537861,0.020801067,26.8907563
3.983571768,0.016792059,26.05042017
4.009012938,0.016749382,26.05042017
4.09727025,0.016222,27.45098039
4.232809782,0.01968956,27.45098039
3.832613707,0.015705109,27.17086835
3.893573999,0.016928911,27.17086835
9.449064493,0.018402815,26.05042017
9.411169291,0.018690825,26.05042017
8.294774294,0.018405437,26.05042017
8.127572536,0.016821384,26.05042017
9.179740667,0.018421888,26.05042017
9.127714157,0.017903328,26.05042017
8.216881752,0.016927242,26.05042017
8.220492125,0.01736331,26.05042017
6.961800098,0.027071476,59.10364146
7.04278779,0.027282715,59.10364146
5.88687849,0.023354769,59.10364146
5.703775167,0.023639441,59.10364146
6.640942335,0.029455662,59.10364146
6.394805908,0.024351835,59.10364146
5.615514517,0.020412445,59.10364146
5.506660223,0.024278402,59.10364146
14.25336218,0.022139788,52.66106443
14.3489337,0.022411585,52.66106443
11.69589257,0.019882679,52.38095238
11.26126933,0.017337561,52.38095238
13.20085502,0.019335985,52.66106443
13.03028822,0.018688679,52.66106443
11.34916282,0.016748667,52.38095238
10.77889657,0.017808437,52.38095238
4.152939796,0.01702714,26.8907563
3.885624409,0.01565218,26.8907563
3.738953829,0.018377542,26.05042017
3.619352818,0.014390945,26.05042017
3.864769697,0.016810417,27.45098039
3.979959488,0.015988111,27.45098039
3.597736835,0.014852762,27.17086835
3.646826744,0.01525712,27.17086835
8.772663355,0.019189119,26.05042017
8.846759796,0.018189192,26.05042017
7.771268129,0.021295071,26.05042017
8.034482241,0.016187668,26.05042017
8.315481186,0.01775074,26.05042017
8.346948624,0.016944647,26.05042017
7.660517693,0.015455008,26.05042017
7.767163515,0.017046213,26.05042017
6.855489731,0.0285151,59.10364146
7.013936281,0.025995255,59.10364146
5.632023096,0.024436951,59.10364146
6.158569336,0.021734476,59.10364146
6.344993353,0.024791241,59.10364146
6.544109583,0.026018381,59.10364146
5.947887421,0.023660183,59.10364146
5.443253994,0.021635771,59.10364146
13.82346535,0.022702456,52.66106443
13.9766109,0.022753,52.66106443
11.49077559,0.017175436,52.38095238
10.82513595,0.017306566,52.38095238
12.44482231,0.019308567,52.66106443
12.44484711,0.018854141,52.66106443
10.38752651,0.016280413,52.38095238
10.83035207,0.01831913,52.38095238
3.717139482,0.019891024,49.29971989
3.617995501,0.019390821,49.29971989
3.707490921,0.019474506,50.42016807
3.829364538,0.020192146,50.42016807
3.704421043,0.019231319,49.29971989
3.687015057,0.019724846,49.29971989
3.711782217,0.019119978,50.14005602
3.727385998,0.019387245,50.14005602
5.676130533,0.019805431,54.34173669
5.812195539,0.019582987,54.34173669
5.902853251,0.018726826,54.62184874
5.674320936,0.022406101,54.62184874
6.153322697,0.020473719,53.78151261
5.785198212,0.020173788,53.78151261
5.718148232,0.018929005,54.62184874
5.672249556,0.022907495,54.62184874
3.83950305,0.017785072,78.99159664
3.870765448,0.019953012,78.99159664
3.95203948,0.019896269,79.55182073
4.008859634,0.019316912,79.55182073
3.802454948,0.019174099,79.27170868
3.954129934,0.019545794,79.27170868
3.90943861,0.026187181,79.55182073
3.963691711,0.01877594,79.55182073
6.221266747,0.018950224,78.71148459
6.58469677,0.018794298,78.71148459
6.170421362,0.018671989,78.99159664
6.113613605,0.018330812,78.99159664
6.23920536,0.018473625,78.71148459
6.305993557,0.019891024,78.71148459
6.340421438,0.020383358,78.99159664
6.321628571,0.018425226,78.99159664
3.67160368,0.019095659,49.29971989
3.684582472,0.019874096,49.29971989
3.669122219,0.01986289,50.42016807
3.695196152,0.019260168,50.42016807
3.771263838,0.020222902,49.29971989
3.881333113,0.020581722,49.29971989
3.664353609,0.018776178,50.14005602
3.691278696,0.019028187,50.14005602
5.712749004,0.023642778,54.34173669
5.637880087,0.018755913,54.34173669
5.650944471,0.021642923,54.62184874
5.690070868,0.020903826,54.62184874
5.680565596,0.018470287,53.78151261
5.682828426,0.020190477,53.78151261
5.745231152,0.018565655,54.62184874
5.70111084,0.020082712,54.62184874
4.077593803,0.020120382,78.99159664
4.157788992,0.019567251,78.99159664
3.827463627,0.02072978,79.55182073
3.958378077,0.018558025,79.55182073
3.915183544,0.020365477,79.27170868
3.902055502,0.01975131,79.27170868
3.805552244,0.018628359,79.55182073
3.867282152,0.019768238,79.55182073
6.261867046,0.021652699,78.71148459
6.17440176,0.024203062,78.71148459
6.234757662,0.020684242,78.99159664
6.097920895,0.018970251,78.99159664
6.25382781,0.0201931,78.71148459
6.51961875,0.019924164,78.71148459
6.302262068,0.018993378,78.99159664
6.19259882,0.019460917,78.99159664
3.739185095,0.019245386,21.00840336
3.728523493,0.020436287,21.00840336
3.623942614,0.018907785,21.00840336
3.68708086,0.019954443,21.00840336
3.668984652,0.018400669,21.00840336
3.672992706,0.022570372,21.00840336
3.719015837,0.019956827,21.00840336
3.804586411,0.020772934,21.00840336
5.715867519,0.019401073,20.72829132
5.775994778,0.022582054,20.72829132
5.960589886,0.019302368,20.44817927
5.615931749,0.020188093,20.44817927
5.712772846,0.019616842,20.44817927
5.63877511,0.01813674,20.44817927
5.717038155,0.019306898,20.44817927
5.659432173,0.021238327,20.44817927
3.798858881,0.018626213,56.8627451
3.889568329,0.02059269,56.8627451
3.852646828,0.020288944,56.8627451
3.972229958,0.01904273,56.8627451
3.748363495,0.017886877,56.8627451
3.963223457,0.018706083,56.8627451
4.17357564,0.021117449,56.8627451
3.981847286,0.02038765,56.8627451
6.109540224,0.021018744,55.18207283
6.216001749,0.017780542,55.18207283
6.136862755,0.017485142,55.18207283
6.107309818,0.018955231,55.18207283
6.177357674,0.018704653,55.18207283
6.24615407,0.021972179,55.18207283
6.225412607,0.021256208,55.18207283
6.169858456,0.019264936,55.18207283
3.745967388,0.019836664,21.00840336
4.037984133,0.019464254,21.00840336
3.684128761,0.020357847,21.00840336
3.78717351,0.023412466,21.00840336
3.68968606,0.020629644,21.00840336
3.72591567,0.021158934,21.00840336
3.910964251,0.020712614,21.00840336
3.669368267,0.021443605,21.00840336
5.598112106,0.020098686,20.72829132
5.590993643,0.020194054,20.72829132
5.748227358,0.02545476,20.44817927
5.662584543,0.018974304,20.44817927
5.725844145,0.02264452,20.44817927
5.733963728,0.020999193,20.44817927
5.910159588,0.019651413,20.44817927
5.588828802,0.018174887,20.44817927
3.806055784,0.018816471,56.8627451
3.898271084,0.020381927,56.8627451
3.838296652,0.019666433,56.8627451
3.911812067,0.018685579,56.8627451
3.81733036,0.020010948,56.8627451
4.036824226,0.019392729,56.8627451
3.736093283,0.019791603,56.8627451
3.91182518,0.018366575,56.8627451
6.198468924,0.020223618,55.18207283
6.179437637,0.018144608,55.18207283
6.512113571,0.021939754,55.18207283
6.345172167,0.019764662,55.18207283
6.206449747,0.019001722,55.18207283
6.227489233,0.018311977,55.18207283
6.148367167,0.018283367,55.18207283
6.170720339,0.01885891,55.18207283
6.202039957,0.025187254,55.46218487
6.265265703,0.023801088,55.46218487
5.652287245,0.02139473,51.54061625
5.524959564,0.021486282,51.54061625
6.5204494,0.023866892,54.90196078
6.091686726,0.022777081,54.90196078
5.51430583,0.021187782,51.54061625
5.578395605,0.020622492,51.54061625
12.59975028,0.02392149,61.9047619
12.57396626,0.024555206,61.9047619
10.7592628,0.023261786,60.78431373
11.11911273,0.021664381,60.78431373
12.22140741,0.027684927,61.06442577
12.15036178,0.027115345,61.06442577
10.73847032,0.022517443,55.46218487
10.73805666,0.023869514,55.46218487
8.851430655,0.028449535,77.59103641
8.520699263,0.028028965,77.59103641
7.612988949,0.024358273,77.87114846
7.753406286,0.025460005,77.87114846
8.965913534,0.025773048,77.31092437
8.487558126,0.027925491,77.31092437
8.276530266,0.024291277,78.1512605
7.894539356,0.028845787,78.1512605
17.88787317,0.025784492,78.1512605
17.5238235,0.026382208,78.1512605
15.00857472,0.022946835,78.43137255
15.28875923,0.025270462,78.43137255
16.94632125,0.026029587,78.43137255
17.02748775,0.026074171,78.43137255
15.52821016,0.02436471,78.43137255
15.98653817,0.025286198,78.43137255
6.246869326,0.022845268,55.46218487
6.102353096,0.02390027,55.46218487
5.493132114,0.021492243,51.54061625
5.645520449,0.021805048,51.54061625
5.952421427,0.023539305,54.90196078
6.052129984,0.023487806,54.90196078
5.440873861,0.020879745,51.54061625
5.467237234,0.020151615,51.54061625
12.46365643,0.027172327,61.9047619
12.30390763,0.025830507,61.9047619
10.55243063,0.02291894,60.78431373
10.55492115,0.022142887,60.78431373
12.14383507,0.023694277,61.06442577
12.13360667,0.02588892,61.06442577
10.56707025,0.024351597,55.46218487
10.52903104,0.022830009,55.46218487
8.368634224,0.028477669,77.59103641
8.26520896,0.0282197,77.59103641
7.596264124,0.024880648,77.87114846
7.587142229,0.025403023,77.87114846
8.223954916,0.025503397,77.31092437
8.147029638,0.024682283,77.31092437
7.491531134,0.023914337,78.1512605
7.512051105,0.0249722,78.1512605
17.14946675,0.0257442,78.1512605
17.46713567,0.024703264,78.1512605
15.21469474,0.024977446,78.43137255
14.77530432,0.022959232,78.43137255
16.54902911,0.02583766,78.43137255
16.90090036,0.024859905,78.43137255
15.26743674,0.02478385,78.43137255
15.24770093,0.025616169,78.43137255
6.768522501,0.024781227,26.33053221
6.732261658,0.023735523,26.33053221
6.440674782,0.02554059,26.05042017
6.303699255,0.023663998,26.05042017
6.505602121,0.024305344,26.33053221
6.670763016,0.02272892,26.33053221
6.177847385,0.021909475,26.05042017
6.21596837,0.02852869,26.05042017
14.43151474,0.025940657,26.05042017
14.66404605,0.0258286,26.05042017
12.49402308,0.026124954,26.05042017
12.62703729,0.026023626,26.05042017
13.67723966,0.030519724,26.05042017
13.60440969,0.028120995,26.05042017
12.78399563,0.026170015,26.05042017
12.50108099,0.02543354,26.05042017
11.93665314,0.031847477,58.26330532
12.04532194,0.033237457,58.26330532
10.07158566,0.029776812,57.98319328
10.39946389,0.028034925,57.98319328
11.26070428,0.037774324,58.26330532
11.21186423,0.0324018,58.26330532
9.85714674,0.028134346,57.98319328
9.932367802,0.029615879,57.98319328
24.52420616,0.035142899,52.66106443
24.89840436,0.029319048,52.66106443
19.43251061,0.025606155,52.38095238
19.61089492,0.02778244,52.38095238
22.30841446,0.026525736,52.66106443
22.628757,0.0301373,52.66106443
19.23682284,0.024349451,52.38095238
18.88842773,0.02534914,52.38095238
6.821200371,0.029439688,26.33053221
6.818734169,0.023640633,26.33053221
6.352193117,0.027574062,26.05042017
6.543026209,0.024265766,26.05042017
6.52220726,0.023555994,26.33053221
6.607064009,0.025154829,26.33053221
6.18152833,0.022720337,26.05042017
6.230005741,0.022283077,26.05042017
14.41444397,0.028756857,26.05042017
14.70046997,0.02993989,26.05042017
12.79935718,0.025000572,26.05042017
12.7382834,0.023980618,26.05042017
13.58697104,0.026440382,26.05042017
13.59569931,0.029435396,26.05042017
12.89668941,0.023867369,26.05042017
12.53144836,0.025357008,26.05042017
12.04754686,0.036892414,58.26330532
12.21649837,0.036036968,58.26330532
10.31654787,0.032011032,57.98319328
11.08877349,0.031065226,57.98319328
12.1127224,0.032479525,58.26330532
11.66748428,0.030883789,58.26330532
10.06534052,0.028748512,57.98319328
9.91747427,0.028475285,57.98319328
24.66256404,0.028285503,52.66106443
24.67204762,0.029765368,52.66106443
19.65276289,0.025289774,52.38095238
19.80720472,0.026553392,52.38095238
22.6420064,0.0307796,52.66106443
22.92169046,0.026655674,52.66106443
19.19982147,0.024117231,52.38095238
19.02369332,0.025128365,52.38095238
1.824301481,0.01121068,48.45938375
1.761668444,0.011087894,48.45938375
1.863353729,0.011213303,49.57983193
1.774365902,0.012488127,49.57983193
1.837168217,0.011235237,48.45938375
1.773358345,0.011824846,48.45938375
1.843915939,0.011451721,49.57983193
1.838025331,0.012041092,49.57983193
2.794018984,0.012502193,53.22128852
3.036915302,0.017616987,53.22128852
2.908915043,0.011863708,52.38095238
2.726358652,0.011885881,52.38095238
2.843440533,0.013844252,52.38095238
2.767767668,0.011470318,52.38095238
2.79986763,0.01271534,52.10084034
2.808238268,0.015231371,52.10084034
2.003550291,0.011097908,79.83193277
1.859155416,0.011396885,79.83193277
1.918931723,0.011119604,80.11204482
1.922643185,0.011081934,80.11204482
1.872510433,0.012521267,80.11204482
1.851862669,0.011240005,80.11204482
1.953117371,0.010893822,80.11204482
1.943052292,0.0125072,80.11204482
3.01307106,0.010804892,79.27170868
3.044391394,0.01224184,79.27170868
3.109720469,0.010896444,80.11204482
3.055520773,0.01174283,80.11204482
3.206389189,0.01133585,79.27170868
2.975351334,0.0113585,79.27170868
3.11456728,0.010680676,80.11204482
3.047688007,0.012893438,80.11204482
1.966392994,0.01201272,48.45938375
1.933247566,0.011250734,48.45938375
1.837939024,0.011063814,49.57983193
1.768659115,0.011296272,49.57983193
1.753875732,0.011538267,48.45938375
1.813886642,0.011368036,48.45938375
1.816930056,0.012522936,49.57983193
1.77703476,0.011750937,49.57983193
2.85526824,0.011829138,53.22128852
2.807831526,0.011901617,53.22128852
2.747329235,0.01121068,52.38095238
2.765403986,0.010998487,52.38095238
2.793009043,0.011400223,52.38095238
2.736847639,0.011154652,52.38095238
2.812285423,0.01236701,52.10084034
2.90506959,0.011294603,52.10084034
1.869820118,0.011201382,79.83193277
1.91673851,0.01132679,79.83193277
1.930285931,0.01192379,80.11204482
1.911121607,0.01187706,80.11204482
1.895163536,0.012834072,80.11204482
1.969592094,0.011665344,80.11204482
1.955123425,0.011291742,80.11204482
1.861241579,0.011175632,80.11204482
3.048784018,0.0109303,79.27170868
3.10007906,0.011003971,79.27170868
3.165421724,0.012889624,80.11204482
3.203531504,0.01111722,80.11204482
2.996996403,0.011588097,79.27170868
3.083893299,0.012494802,79.27170868
3.040737629,0.011137724,80.11204482
3.111471415,0.012109041,80.11204482
1.839888334,0.012917519,21.00840336
1.844979048,0.01167202,21.00840336
1.776475906,0.011506319,21.00840336
1.80649209,0.013197422,21.00840336
1.878500462,0.011654854,21.00840336
1.786463499,0.011202097,21.00840336
1.764797449,0.011276484,21.00840336
1.845989227,0.013058186,21.00840336
2.928574562,0.012793064,21.28851541
2.949923277,0.011709452,21.28851541
3.007727385,0.012104988,21.28851541
2.882667065,0.012503386,21.28851541
2.818957329,0.011743069,21.28851541
2.89449501,0.012017488,21.28851541
2.916746855,0.011487961,20.44817927
2.850690365,0.011263371,20.44817927
1.942228317,0.010970116,56.8627451
1.938588381,0.011652946,56.8627451
2.088913441,0.014701843,56.8627451
2.14363122,0.011266232,56.8627451
1.999492407,0.011259079,56.8627451
1.910144806,0.011688709,56.8627451
1.955131292,0.013488531,56.8627451
2.083799362,0.011171579,56.8627451
3.041285753,0.011459827,55.18207283
3.156487465,0.012007713,55.18207283
3.296900034,0.011375904,55.18207283
3.064282417,0.010191441,55.18207283
3.118363857,0.011255264,55.18207283
2.999875546,0.01102972,55.18207283
3.163945913,0.011198282,55.18207283
3.149697781,0.012048721,55.18207283
1.796676874,0.011072636,21.00840336
1.803830862,0.011140108,21.00840336
1.823454142,0.011253595,21.00840336
1.828054428,0.012452841,21.00840336
1.801683187,0.011357546,21.00840336
1.8974576,0.011256218,21.00840336
1.821003675,0.012223721,21.00840336
1.88854003,0.011688709,21.00840336
2.806592464,0.011208534,21.28851541
2.991298914,0.011137486,21.28851541
2.886921167,0.0131464,21.28851541
3.083801508,0.016381502,21.28851541
3.035185814,0.011124134,21.28851541
2.786592245,0.010785103,21.28851541
2.925972223,0.011082411,20.44817927
2.776501656,0.01096487,20.44817927
1.922811031,0.01272583,56.8627451
1.976780653,0.011240482,56.8627451
1.97159481,0.01388216,56.8627451
1.882332802,0.011457205,56.8627451
1.917195797,0.012173653,56.8627451
1.998693228,0.011720419,56.8627451
1.904139042,0.010793447,56.8627451
1.876994133,0.011972904,56.8627451
3.151286125,0.010867357,55.18207283
3.096585989,0.01079917,55.18207283
3.010358334,0.011265039,55.18207283
3.098855257,0.011102676,55.18207283
3.112930298,0.01078558,55.18207283
3.129731417,0.011780024,55.18207283
3.123298168,0.010843754,55.18207283
3.1360991,0.011180162,55.18207283
3.324770927,0.013804436,49.01960784
3.468647242,0.014333248,49.01960784
3.133312225,0.013669491,49.57983193
2.918176651,0.012348175,49.57983193
3.236070395,0.014273167,49.57983193
3.088809252,0.012998343,49.57983193
3.054661036,0.012084007,49.57983193
2.999069452,0.012550831,49.57983193
6.709532261,0.014639854,55.18207283
6.656620264,0.014711142,55.18207283
5.758063793,0.014212847,54.62184874
5.804370165,0.014119625,54.62184874
6.523361444,0.015434265,54.34173669
6.411165953,0.014897346,54.34173669
6.054960251,0.01398325,53.78151261
5.745634794,0.013757706,53.78151261
4.691839695,0.016075611,78.43137255
4.724803925,0.017147303,78.43137255
4.254618406,0.015821934,79.55182073
4.298244238,0.014767408,79.55182073
4.560768127,0.015830278,78.43137255
4.580823183,0.015369177,78.43137255
4.208374023,0.015272617,79.55182073
4.186480761,0.014698029,79.55182073
9.654925108,0.01646781,78.43137255
10.14350629,0.017226458,78.43137255
8.362114191,0.015200615,78.43137255
8.507557154,0.015231133,78.43137255
9.147840977,0.024814129,78.71148459
9.237540245,0.017085075,78.71148459
8.546663761,0.016229868,78.43137255
8.59888339,0.014513731,78.43137255
3.4188869,0.014631033,49.01960784
3.450768471,0.016683578,49.01960784
2.853868961,0.012094259,49.57983193
2.94878149,0.0175879,49.57983193
3.120381117,0.013243914,49.57983193
3.266551018,0.013145447,49.57983193
2.976055622,0.012415886,49.57983193
2.853985786,0.012373924,49.57983193
6.746203184,0.01426053,55.18207283
6.94018507,0.01486063,55.18207283
5.696010351,0.015220404,54.62184874
5.765938759,0.013232231,54.62184874
6.449192286,0.014370441,54.34173669
6.65754509,0.014940023,54.34173669
5.910675764,0.013387442,53.78151261
5.773943186,0.013364315,53.78151261
4.712504387,0.015726566,78.43137255
4.601057529,0.016610861,78.43137255
4.219793558,0.01533103,79.55182073
4.119977236,0.015100956,79.55182073
4.666156054,0.01593852,78.43137255
4.454375267,0.016465664,78.43137255
4.222082615,0.014449596,79.55182073
4.233036041,0.016042471,79.55182073
9.63504529,0.015648842,78.43137255
9.818735123,0.016128302,78.43137255
8.491265535,0.015682459,78.43137255
8.38989377,0.014493942,78.43137255
9.25891614,0.015960693,78.71148459
9.360361576,0.016295195,78.71148459
8.516443491,0.015110254,78.43137255
8.6589849,0.016212225,78.43137255
3.632733822,0.015290737,26.8907563
3.348601103,0.013785362,26.8907563
3.169511318,0.024640799,26.05042017
3.081785917,0.01284194,26.05042017
3.399922132,0.014164925,27.45098039
3.332355261,0.013658524,27.45098039
3.023944616,0.012872696,27.17086835
3.174577951,0.013043165,27.17086835
7.473474503,0.016817093,26.05042017
7.264469147,0.014731169,26.05042017
6.377591848,0.014611244,26.05042017
6.42068553,0.016509771,26.05042017
7.15188694,0.016129017,26.05042017
7.02557683,0.015403748,26.05042017
6.399539948,0.013779879,26.05042017
6.36178875,0.013691425,26.05042017
6.148855448,0.020134687,59.10364146
6.058164358,0.019221306,59.10364146
5.214743853,0.022130489,59.10364146
5.08604455,0.017043352,59.10364146
5.903248787,0.019416809,59.10364146
5.664751291,0.019405603,59.10364146
5.181291342,0.016709089,59.10364146
5.251912355,0.017212391,59.10364146
12.16483879,0.01843071,52.66106443
12.10777545,0.017309904,52.66106443
9.724694014,0.01440239,52.38095238
9.818361998,0.014595747,52.38095238
11.80235147,0.018833876,52.66106443
11.66897511,0.016877174,52.66106443
9.562408447,0.014290333,52.38095238
9.580491543,0.014621735,52.38095238
3.461049318,0.01451087,26.8907563
3.389621496,0.01413393,26.8907563
3.12693572,0.01284194,26.05042017
3.066507578,0.012720346,26.05042017
3.377760887,0.014100552,27.45098039
3.366287231,0.013846397,27.45098039
3.189536333,0.015634775,27.17086835
3.084596634,0.012545109,27.17086835
7.753131628,0.014866829,26.05042017
7.285742998,0.01539135,26.05042017
6.499890804,0.013991356,26.05042017
6.378925085,0.013934135,26.05042017
6.867646694,0.015396357,26.05042017
7.017034769,0.019634485,26.05042017
6.3571527,0.013688803,26.05042017
6.274852514,0.014630079,26.05042017
6.163720846,0.023724318,59.10364146
6.447660685,0.018801689,59.10364146
5.0802598,0.016561985,59.10364146
5.007221222,0.018997192,59.10364146
5.714269161,0.018969059,59.10364146
5.74113822,0.017943621,59.10364146
5.002180338,0.017269135,59.10364146
4.938080311,0.017132521,59.10364146
12.31486416,0.017711878,52.66106443
12.46682692,0.019555807,52.66106443
9.749620199,0.014681339,52.38095238
9.677908659,0.014727116,52.38095238
11.3357079,0.017398357,52.66106443
11.42553854,0.017924309,52.66106443
9.598527193,0.01714015,52.38095238
9.915239573,0.015334129,52.38095238
