train_time,test_time,accuracy
0.027022839,0.000937939,70.86614173
0.026236057,0.000885487,79.13385827
0.026562691,0.000836372,67.32283465
0.027428389,0.00096035,78.34645669
0.027351856,0.000946045,68.50393701
0.026296377,0.000937462,79.13385827
0.026979208,0.000879526,66.92913386
0.027011156,0.000930548,78.74015748
0.031313181,0.000915051,70.86614173
0.031193495,0.000984192,77.16535433
0.031576157,0.000930548,69.68503937
0.033436775,0.000943184,78.34645669
0.031114101,0.000863075,70.47244094
0.031988144,0.000987291,77.95275591
0.032740116,0.000924826,68.50393701
0.033073902,0.000936747,77.16535433
0.022268534,0.000891685,70.07874016
0.022702217,0.000888348,78.34645669
0.023294926,0.000870943,66.92913386
0.02402401,0.000939846,78.34645669
0.022417784,0.000897884,68.11023622
0.022729635,0.000909567,78.34645669
0.023394108,0.000865459,66.92913386
0.022906303,0.000912905,78.34645669
0.027038574,0.000925064,70.07874016
0.02706027,0.000929832,78.74015748
0.02731514,0.000882864,67.32283465
0.027642965,0.000969887,77.95275591
0.027176142,0.000924587,68.11023622
0.027077436,0.00091362,78.74015748
0.027573824,0.000846624,67.32283465
0.028297424,0.000894547,78.34645669
0.026329517,0.000905752,70.86614173
0.026544809,0.00096035,79.13385827
0.027033567,0.000916004,67.32283465
0.027692795,0.000943661,78.34645669
0.026502848,0.00083828,68.50393701
0.027365208,0.001006365,79.13385827
0.026976347,0.000867367,66.92913386
0.027685165,0.001002789,78.74015748
0.032736301,0.000944853,70.86614173
0.031858444,0.00101161,77.16535433
0.032479525,0.000903606,69.68503937
0.034264803,0.000942469,78.34645669
0.031802654,0.000930548,70.47244094
0.032310724,0.000944376,77.95275591
0.033304214,0.00084877,68.50393701
0.033856392,0.000944138,77.16535433
0.023538113,0.000878572,70.07874016
0.022827387,0.000891924,78.34645669
0.023769855,0.000827312,66.92913386
0.024590731,0.000925541,78.34645669
0.022760391,0.000889063,68.11023622
0.023215294,0.000927687,78.34645669
0.024007082,0.000898361,66.92913386
0.024537325,0.000926971,78.34645669
0.027854919,0.000890732,70.07874016
0.028891802,0.000916958,78.74015748
0.029547691,0.00086832,67.32283465
0.030347824,0.00094676,77.95275591
0.027992249,0.000939846,68.11023622
0.028564215,0.000912428,78.74015748
0.029322863,0.000874996,67.32283465
0.029706478,0.00096035,78.34645669
0.026232481,0.000833511,66.92913386
0.026507854,0.000879526,75.19685039
0.025500774,0.000606298,66.92913386
0.026749372,0.000874758,75.19685039
0.025771618,0.000592232,66.92913386
0.027050257,0.000823975,75.19685039
0.024981022,0.000547647,66.92913386
0.0277493,0.00094533,74.80314961
0.031450272,0.000646114,66.92913386
0.03148818,0.000766516,74.01574803
0.031104803,0.000707865,66.92913386
0.032645464,0.000729799,74.01574803
0.030970573,0.00065279,66.92913386
0.034626484,0.000695229,74.01574803
0.031750441,0.00069046,66.92913386
0.032062054,0.000709057,74.01574803
0.022387743,0.000765562,66.92913386
0.023115635,0.000785828,74.80314961
0.021548033,0.000586748,66.92913386
0.022847652,0.000866413,74.80314961
0.021214247,0.000569582,66.92913386
0.02283144,0.000839472,74.80314961
0.021498442,0.00060463,66.92913386
0.022897959,0.000882387,74.80314961
0.026465416,0.000653982,66.92913386
0.02681303,0.000648022,74.01574803
0.026218414,0.000636339,66.92913386
0.027217865,0.000649691,74.01574803
0.026702404,0.000640869,66.92913386
0.027471542,0.000650883,74.01574803
0.026734829,0.000625372,66.92913386
0.027905941,0.000714064,74.01574803
0.02740097,0.000856161,66.92913386
0.027390718,0.000806332,75.19685039
0.02614212,0.000605106,66.92913386
0.027404785,0.000850916,75.19685039
0.026150942,0.000584841,66.92913386
0.027043581,0.000857592,75.19685039
0.025662661,0.000596762,66.92913386
0.027791023,0.00082469,74.80314961
0.032376289,0.00066328,66.92913386
0.032730341,0.00070262,74.01574803
0.03273654,0.000641823,66.92913386
0.033569098,0.000739574,74.01574803
0.031806231,0.000697136,66.92913386
0.033601999,0.000701666,74.01574803
0.03276515,0.000713825,66.92913386
0.034120321,0.000700712,74.01574803
0.02438736,0.000765085,66.92913386
0.023798466,0.000781298,74.80314961
0.023107767,0.000560045,66.92913386
0.025969744,0.000836372,74.80314961
0.022730589,0.000594616,66.92913386
0.023663044,0.000846863,74.80314961
0.022662163,0.000568628,66.92913386
0.024241686,0.000848055,74.80314961
0.028460979,0.000591755,66.92913386
0.02805233,0.000614405,74.01574803
0.02809763,0.000619173,66.92913386
0.029121637,0.000635386,74.01574803
0.028194666,0.00064373,66.92913386
0.028000116,0.000634432,74.01574803
0.028667212,0.000615597,66.92913386
0.02995038,0.000663519,74.01574803
0.053700209,0.002457619,75.59055118
0.063539267,0.003061533,76.77165354
0.042633533,0.001695156,69.29133858
0.066810608,0.003123522,77.16535433
0.048593044,0.002028942,73.22834646
0.06374836,0.003115416,78.34645669
0.042962313,0.001661539,68.50393701
0.067095041,0.003158569,77.16535433
0.071462154,0.002274752,74.80314961
0.088209391,0.00316,79.13385827
0.061657667,0.001852751,72.44094488
0.093866348,0.003181219,79.13385827
0.0658741,0.002087831,72.83464567
0.090429306,0.003232956,79.13385827
0.06145072,0.001794577,70.47244094
0.096353292,0.003136396,77.55905512
0.056969643,0.002983332,73.62204724
0.05954051,0.00316143,77.95275591
0.039528608,0.001461267,70.07874016
0.067562103,0.003219843,77.95275591
0.054726839,0.002733707,74.80314961
0.059344769,0.003081799,78.34645669
0.043869734,0.001726866,69.68503937
0.067922831,0.003200531,79.13385827
0.081700802,0.002852201,74.80314961
0.085736275,0.003154993,77.55905512
0.056459427,0.001559496,72.04724409
0.08137989,0.002451658,78.34645669
0.078999043,0.00265646,74.80314961
0.085540295,0.003091812,78.74015748
0.062196493,0.001675844,71.25984252
0.10168004,0.003103971,78.34645669
0.053533077,0.002356768,75.59055118
0.064939976,0.003133297,76.77165354
0.044406414,0.001760483,69.29133858
0.069865704,0.003096581,77.16535433
0.048950434,0.002015352,73.22834646
0.065743208,0.00316143,78.34645669
0.043941736,0.0016675,68.50393701
0.069019794,0.003236771,77.16535433
0.072787762,0.002479792,74.80314961
0.092181921,0.003176689,79.13385827
0.063337803,0.001784086,72.44094488
0.100930691,0.003169775,79.13385827
0.06852746,0.002027273,72.83464567
0.092966557,0.003161907,79.13385827
0.064414263,0.001806259,70.47244094
0.102353334,0.003133297,77.55905512
0.059149265,0.002924442,73.62204724
0.063727379,0.003267288,77.95275591
0.041249275,0.001407623,70.07874016
0.072746515,0.003384113,77.95275591
0.058012724,0.002765894,74.80314961
0.064830065,0.003191233,78.34645669
0.046332836,0.00181222,69.68503937
0.073904753,0.003153086,79.13385827
0.086194754,0.002921581,74.80314961
0.092447758,0.003093481,77.55905512
0.060551643,0.001558542,72.04724409
0.091485262,0.002416372,78.34645669
0.083312988,0.002739191,74.80314961
0.093698025,0.003079176,78.74015748
0.066941977,0.001707077,71.25984252
0.116414547,0.003177404,78.34645669
0.06697607,0.003104687,66.92913386
0.068448305,0.003190994,79.92125984
0.028470755,0.000567436,66.92913386
0.068505526,0.003053665,78.74015748
0.029101372,0.00058341,66.92913386
0.065824032,0.00305295,78.74015748
0.028641462,0.000596762,66.92913386
0.066823959,0.002910137,78.34645669
0.0903368,0.002557039,66.92913386
0.097691298,0.002958536,78.74015748
0.043233156,0.000749111,66.92913386
0.09804678,0.002876043,79.52755906
0.044079781,0.000738621,66.92913386
0.093782187,0.00285244,78.34645669
0.042497635,0.000672817,66.92913386
0.097014666,0.002907276,78.74015748
0.064595461,0.002929688,66.92913386
0.065411091,0.003104925,76.37795276
0.026101828,0.000582218,66.92913386
0.069291592,0.003076792,77.55905512
0.027677298,0.000633955,66.92913386
0.06492281,0.003023863,77.16535433
0.026022434,0.000561237,66.92913386
0.073613405,0.002966642,77.55905512
0.091774225,0.001853228,71.25984252
0.095990658,0.001801729,68.8976378
0.042327642,0.00071907,66.92913386
0.099874735,0.001636505,67.71653543
0.045260429,0.000754833,71.25984252
0.092979193,0.001722574,69.29133858
0.042297125,0.000678301,66.92913386
0.099244118,0.001639605,66.53543307
0.067636967,0.002994061,66.92913386
0.07112956,0.003198862,79.92125984
0.030099154,0.00052619,66.92913386
0.07117033,0.003010511,78.74015748
0.03003335,0.000614405,66.92913386
0.068492889,0.003055096,78.74015748
0.029085159,0.000582695,66.92913386
0.069939613,0.002936125,78.34645669
0.098084927,0.002537966,66.92913386
0.101345778,0.002921104,78.74015748
0.045158863,0.000717163,66.92913386
0.103158712,0.002789259,79.52755906
0.044709682,0.000735521,66.92913386
0.097560644,0.002947092,78.34645669
0.04350543,0.000717163,66.92913386
0.102309465,0.002734661,78.74015748
0.068189859,0.003000498,66.92913386
0.071430683,0.003044128,76.37795276
0.027654648,0.000567913,66.92913386
0.074614525,0.002993345,77.55905512
0.029295921,0.000674963,66.92913386
0.070180416,0.003085852,77.16535433
0.027786255,0.000558615,66.92913386
0.074141979,0.002999306,77.55905512
0.100334406,0.001837254,71.25984252
0.103189707,0.001786709,68.8976378
0.044950485,0.000682354,66.92913386
0.110484362,0.001727819,67.71653543
0.048582792,0.00077033,71.25984252
0.099921465,0.001769066,69.29133858
0.045312405,0.000692844,66.92913386
0.108824968,0.001639605,66.53543307
0.013712406,0.00052619,68.50393701
0.013798475,0.000589371,78.34645669
0.013755322,0.00050354,66.92913386
0.014251709,0.000551224,78.34645669
0.013688803,0.000490665,67.32283465
0.013671637,0.000524521,79.13385827
0.014133215,0.000536442,66.92913386
0.014019728,0.000572205,78.74015748
0.0163064,0.000556707,70.86614173
0.016330004,0.000569105,77.55905512
0.016519308,0.000542879,66.92913386
0.016830444,0.00054121,77.95275591
0.016764164,0.000526905,70.86614173
0.016343355,0.000541925,77.95275591
0.016581297,0.000490427,66.92913386
0.016740322,0.000540018,78.34645669
0.011826038,0.000502825,67.32283465
0.011891603,0.000545979,79.92125984
0.011820793,0.000486851,66.92913386
0.012344122,0.000543594,79.13385827
0.012039185,0.000593424,67.32283465
0.012138844,0.000544786,79.13385827
0.012196541,0.000524282,66.92913386
0.011952877,0.000547409,79.52755906
0.013818026,0.000588894,67.32283465
0.013975859,0.000575542,78.74015748
0.014731884,0.000529528,66.92913386
0.01449585,0.000560045,78.34645669
0.013921738,0.000522614,67.32283465
0.013972282,0.000533104,77.95275591
0.014638901,0.000467777,66.92913386
0.014929295,0.000537634,78.74015748
0.013838768,0.000524282,68.50393701
0.01418376,0.000537157,78.34645669
0.013984442,0.000540972,66.92913386
0.014643192,0.000576258,78.34645669
0.013845921,0.000512123,67.32283465
0.014301777,0.000546455,79.13385827
0.014516354,0.000531673,66.92913386
0.014371395,0.000560999,78.74015748
0.016437054,0.000555038,70.86614173
0.016716719,0.00057888,77.55905512
0.016861677,0.00056529,66.92913386
0.017390013,0.000567913,77.95275591
0.016957521,0.000525951,70.86614173
0.016646385,0.000556231,77.95275591
0.017248869,0.00052309,66.92913386
0.017407894,0.000580549,78.34645669
0.012009859,0.000525475,67.32283465
0.012057543,0.000547409,79.92125984
0.012286186,0.00051856,66.92913386
0.012514591,0.000560045,79.13385827
0.012396097,0.000538588,67.32283465
0.012437105,0.000603437,79.13385827
0.012754679,0.0005548,66.92913386
0.012670279,0.000541449,79.52755906
0.014469624,0.000494242,67.32283465
0.01467371,0.0005548,78.74015748
0.015157461,0.000486851,66.92913386
0.015469074,0.000541925,78.34645669
0.014806986,0.000497103,67.32283465
0.015217066,0.000576019,77.95275591
0.015125751,0.000482559,66.92913386
0.015581369,0.000556469,78.74015748
0.013731718,0.000495434,66.92913386
0.013832808,0.000495195,74.80314961
0.013347864,0.000356436,66.92913386
0.013873577,0.000512362,74.80314961
0.013154745,0.000355482,66.92913386
0.014099121,0.000477791,74.80314961
0.013150215,0.00035882,66.92913386
0.013857365,0.000561953,74.80314961
0.016121149,0.000464439,66.92913386
0.016350746,0.000475407,74.01574803
0.016072512,0.000401974,66.92913386
0.01662159,0.000414133,74.01574803
0.016302347,0.00044179,66.92913386
0.016223431,0.000401497,74.01574803
0.015989542,0.00039053,66.92913386
0.016572237,0.000389099,74.01574803
0.01154542,0.000457287,66.92913386
0.01209116,0.000458956,74.80314961
0.011470556,0.000335455,66.92913386
0.012159348,0.00053525,74.80314961
0.01247406,0.00046134,66.92913386
0.012007952,0.00058198,74.80314961
0.011787176,0.000435829,66.92913386
0.012112856,0.000572681,74.80314961
0.01393342,0.000456333,66.92913386
0.013961315,0.000450134,74.01574803
0.014082909,0.000480175,66.92913386
0.014651537,0.000491142,74.01574803
0.013755322,0.000411987,66.92913386
0.014393806,0.000450611,74.01574803
0.013812542,0.000356674,66.92913386
0.014664412,0.000371933,74.01574803
0.014307022,0.000488758,66.92913386
0.014223814,0.000511646,74.80314961
0.013491154,0.00034976,66.92913386
0.014367342,0.000506163,74.80314961
0.013828039,0.000352144,66.92913386
0.014014482,0.000473499,74.80314961
0.013419867,0.000355244,66.92913386
0.014355421,0.000501871,74.80314961
0.016899109,0.000431061,66.92913386
0.016727209,0.000498295,74.01574803
0.016843557,0.000466347,66.92913386
0.017323256,0.000493288,74.01574803
0.016432285,0.0004282,66.92913386
0.017045498,0.000454664,74.01574803
0.01665473,0.000455141,66.92913386
0.017203808,0.000410795,74.01574803
0.012586117,0.000459909,66.92913386
0.012243986,0.000488281,74.80314961
0.011856079,0.000353575,66.92913386
0.012691021,0.000495434,74.80314961
0.011741638,0.000355482,66.92913386
0.012206793,0.000477552,74.80314961
0.011854887,0.000337839,66.92913386
0.012368202,0.000470161,74.80314961
0.014324427,0.000371933,66.92913386
0.014850378,0.000428677,74.01574803
0.014888763,0.00039196,66.92913386
0.01539588,0.000458002,74.01574803
0.014447212,0.000440359,66.92913386
0.014779329,0.000448942,74.01574803
0.015005112,0.000464678,66.92913386
0.015500307,0.000395298,74.01574803
0.028948307,0.001367092,73.62204724
0.033303261,0.001689196,77.95275591
0.022264242,0.000885725,67.71653543
0.034430742,0.001732349,79.13385827
0.024920702,0.001097202,70.86614173
0.032646418,0.001693249,79.92125984
0.022088051,0.000905514,67.32283465
0.034260035,0.001675606,77.55905512
0.039527416,0.001377106,73.22834646
0.045537233,0.001707077,81.49606299
0.031734467,0.000991106,71.65354331
0.049349546,0.001654625,79.52755906
0.03416729,0.001065016,72.44094488
0.046446085,0.0017097,80.70866142
0.030991077,0.000959873,70.07874016
0.049701691,0.001684427,79.92125984
0.03021121,0.001650095,74.01574803
0.031074286,0.00171566,79.92125984
0.026032925,0.001102209,69.29133858
0.035039663,0.001780033,77.95275591
0.027477264,0.001317978,72.44094488
0.031030893,0.001634836,78.34645669
0.025748968,0.001119137,69.29133858
0.035300493,0.001735926,79.92125984
0.043733358,0.001587629,74.01574803
0.045464516,0.001660109,78.74015748
0.040302753,0.001201391,70.47244094
0.053301811,0.001645565,79.52755906
0.040798664,0.001317024,72.83464567
0.045148373,0.001671076,80.70866142
0.039412498,0.001184225,70.47244094
0.052990198,0.001587868,78.74015748
0.029258013,0.001356363,73.62204724
0.034140825,0.001606464,77.95275591
0.022627831,0.000896931,67.71653543
0.035851002,0.001677513,79.13385827
0.025502205,0.001045704,70.86614173
0.033915043,0.001629591,79.92125984
0.022422791,0.000867128,67.32283465
0.036155462,0.001607895,77.55905512
0.040061474,0.001445055,73.22834646
0.047883272,0.001660109,81.49606299
0.033164501,0.000929117,71.65354331
0.052131891,0.001765728,79.52755906
0.035457373,0.001078844,72.44094488
0.048575401,0.001738548,80.70866142
0.032346487,0.000935555,70.07874016
0.052671432,0.001683235,79.92125984
0.032193661,0.001563311,74.01574803
0.032928705,0.001636267,79.92125984
0.02747345,0.001069546,69.29133858
0.038197517,0.0017066,77.95275591
0.029267788,0.001456499,72.44094488
0.033281803,0.001675606,78.34645669
0.027680397,0.001089334,69.29133858
0.037799358,0.001685619,79.92125984
0.045772791,0.001595497,74.01574803
0.048703671,0.001638174,78.74015748
0.047256947,0.001233816,70.47244094
0.057560921,0.001694918,79.52755906
0.041977882,0.001314402,72.83464567
0.048584461,0.001684904,80.70866142
0.042789698,0.001167774,70.47244094
0.057397127,0.001676083,78.74015748
0.033147812,0.001651525,66.92913386
0.034958124,0.001671791,79.52755906
0.014928579,0.000340223,66.92913386
0.034604073,0.001574755,78.34645669
0.015628099,0.000367403,66.92913386
0.033817291,0.001689911,78.74015748
0.01525712,0.000338316,66.92913386
0.034551382,0.0015378,78.74015748
0.045487642,0.001426458,66.92913386
0.048937082,0.001651049,78.34645669
0.021617651,0.000420809,66.92913386
0.049256563,0.001496792,79.13385827
0.022563696,0.000482798,66.92913386
0.047322512,0.001558304,78.74015748
0.021760702,0.000434875,66.92913386
0.048935652,0.001479626,79.13385827
0.032396555,0.001576424,66.92913386
0.033720493,0.001708508,76.77165354
0.013604403,0.000364065,66.92913386
0.034981251,0.001610756,76.77165354
0.013859272,0.000390768,66.92913386
0.032826662,0.001637936,77.55905512
0.013621092,0.000370979,66.92913386
0.034426928,0.001601458,77.16535433
0.046128988,0.001100063,71.25984252
0.047971725,0.001051664,68.8976378
0.021592379,0.000380993,66.92913386
0.050493717,0.001027107,67.71653543
0.021781445,0.000403404,71.25984252
0.046789885,0.001051426,69.29133858
0.022138834,0.000366926,66.92913386
0.049690962,0.001009464,66.53543307
0.034260988,0.001617193,66.92913386
0.036186934,0.001735449,79.52755906
0.015309095,0.000389814,66.92913386
0.036413431,0.001594305,78.34645669
0.015600443,0.000370741,66.92913386
0.034816265,0.001608849,78.74015748
0.015432119,0.000358105,66.92913386
0.036055088,0.001589775,78.74015748
0.047134161,0.001456976,66.92913386
0.052317619,0.001629114,78.34645669
0.022922516,0.000421524,66.92913386
0.053091288,0.0014925,79.13385827
0.023579121,0.000411272,66.92913386
0.04944706,0.001595736,78.74015748
0.022666216,0.000448942,66.92913386
0.052858829,0.001461744,79.13385827
0.034461975,0.00158143,66.92913386
0.035804272,0.001640558,76.77165354
0.014422417,0.000355005,66.92913386
0.03763175,0.001627445,76.77165354
0.014219522,0.00044179,66.92913386
0.034865141,0.001623631,77.55905512
0.014666796,0.000351429,66.92913386
0.038089275,0.00167346,77.16535433
0.050368547,0.001073122,71.25984252
0.052853346,0.001018524,68.8976378
0.023623943,0.000421047,66.92913386
0.0556283,0.000995398,67.71653543
0.023247242,0.000392914,71.25984252
0.051609516,0.00096488,69.29133858
0.024102688,0.000428438,66.92913386
0.0561378,0.000975609,66.53543307
0.042679787,0.000977278,70.86614173
0.042742491,0.001013041,79.13385827
0.043109894,0.000985861,67.32283465
0.043656826,0.000977516,78.34645669
0.042992115,0.000954628,68.50393701
0.042641878,0.00100565,79.13385827
0.042709112,0.000974417,66.92913386
0.043390274,0.000999928,78.74015748
0.04826498,0.000984669,70.86614173
0.047896862,0.000991344,77.16535433
0.048197269,0.000986814,69.68503937
0.049013376,0.000996351,78.34645669
0.047406197,0.000970602,70.47244094
0.048435211,0.000970125,77.95275591
0.048035383,0.000960588,68.50393701
0.048809528,0.000975847,77.16535433
0.038846016,0.00094533,70.07874016
0.03870821,0.000988722,78.34645669
0.039541721,0.000967264,66.92913386
0.039115429,0.000986814,78.34645669
0.039012909,0.000976563,68.11023622
0.03872323,0.001004934,78.34645669
0.0387218,0.000974655,66.92913386
0.039699078,0.00096941,78.34645669
0.043107033,0.00094223,70.07874016
0.042745113,0.000996828,78.74015748
0.043317795,0.000965118,67.32283465
0.044349909,0.000989914,77.95275591
0.042663097,0.00094986,68.11023622
0.042767048,0.001014709,78.74015748
0.043553829,0.000941277,67.32283465
0.044061184,0.000997066,78.34645669
0.042717457,0.000941277,70.86614173
0.042723894,0.000995636,79.13385827
0.042891979,0.001027346,67.32283465
0.043827772,0.000940561,78.34645669
0.042686462,0.000912428,68.50393701
0.043452263,0.000998735,79.13385827
0.043301582,0.000983238,66.92913386
0.044052362,0.000985622,78.74015748
0.048123598,0.001044035,70.86614173
0.048270702,0.001013994,77.16535433
0.048810005,0.000965118,69.68503937
0.049969912,0.00100112,78.34645669
0.048222542,0.000983,70.47244094
0.048738956,0.00107336,77.95275591
0.04915452,0.000941992,68.50393701
0.051034451,0.000980139,77.16535433
0.039273739,0.000967979,70.07874016
0.039279461,0.001028299,78.34645669
0.039553881,0.00095582,66.92913386
0.040567636,0.00099206,78.34645669
0.039060116,0.000978708,68.11023622
0.03964138,0.000982285,78.34645669
0.040417433,0.000969648,66.92913386
0.040473938,0.001029968,78.34645669
0.044257879,0.000952721,70.07874016
0.044531584,0.000987768,78.74015748
0.044983387,0.000935078,67.32283465
0.045727968,0.000990629,77.95275591
0.044475555,0.001019239,68.11023622
0.044250965,0.001008511,78.74015748
0.045403481,0.000981569,67.32283465
0.045643568,0.001002312,78.34645669
0.043253422,0.000903606,66.92913386
0.043510675,0.00089097,75.19685039
0.04117918,0.000656605,66.92913386
0.043556213,0.000874043,75.19685039
0.041430473,0.000646591,66.92913386
0.043013573,0.000883102,75.19685039
0.041146755,0.000617981,66.92913386
0.043081522,0.000867128,74.80314961
0.047385216,0.000786066,66.92913386
0.047638178,0.000757933,74.01574803
0.047557116,0.000752449,66.92913386
0.048484087,0.000784874,74.01574803
0.047170401,0.000715971,66.92913386
0.047519445,0.000795126,74.01574803
0.047701836,0.000711441,66.92913386
0.048194647,0.000737906,74.01574803
0.038291931,0.000850201,66.92913386
0.038343906,0.000876427,74.80314961
0.036988735,0.000602961,66.92913386
0.038641691,0.000887156,74.80314961
0.03670764,0.000564575,66.92913386
0.038334846,0.000852346,74.80314961
0.036387682,0.000621796,66.92913386
0.038788557,0.000913858,74.80314961
0.042511702,0.000684261,66.92913386
0.042505026,0.00069952,74.01574803
0.042418718,0.000692606,66.92913386
0.043640614,0.000718117,74.01574803
0.042179585,0.000687599,66.92913386
0.043106079,0.000716448,74.01574803
0.042397261,0.000670433,66.92913386
0.043618917,0.000724792,74.01574803
0.043447256,0.000995636,66.92913386
0.043248177,0.000859499,75.19685039
0.041330099,0.000668526,66.92913386
0.043601036,0.000922441,75.19685039
0.040920019,0.000703573,66.92913386
0.042960644,0.000921011,75.19685039
0.041396379,0.000660181,66.92913386
0.043886423,0.000854492,74.80314961
0.048069477,0.000714302,66.92913386
0.048304558,0.000778675,74.01574803
0.048260927,0.000719309,66.92913386
0.049633026,0.000753403,74.01574803
0.047741652,0.000739098,66.92913386
0.048349857,0.000749588,74.01574803
0.047843933,0.00074625,66.92913386
0.048911572,0.000763893,74.01574803
0.040095806,0.000902653,66.92913386
0.039806604,0.00088644,74.80314961
0.037775755,0.000637293,66.92913386
0.04006362,0.000892878,74.80314961
0.037447214,0.000626802,66.92913386
0.039800167,0.000888586,74.80314961
0.038276911,0.000650406,66.92913386
0.040293455,0.000891447,74.80314961
0.043894529,0.000699997,66.92913386
0.044078112,0.000712156,74.01574803
0.044719696,0.000687361,66.92913386
0.045506954,0.000684977,74.01574803
0.043416023,0.000663996,66.92913386
0.043987274,0.000685692,74.01574803
0.044044971,0.000712633,66.92913386
0.045147419,0.000692129,74.01574803
0.091462374,0.002416134,75.59055118
0.108216047,0.003264904,76.77165354
0.072002888,0.001756907,69.29133858
0.112067699,0.003185034,77.16535433
0.083621025,0.002121449,73.22834646
0.108851671,0.003194094,78.34645669
0.070598841,0.001722813,68.50393701
0.111629248,0.003173828,77.16535433
0.1074121,0.002339363,74.80314961
0.132093906,0.003142357,79.13385827
0.089880705,0.001872063,72.44094488
0.139163256,0.003098249,79.13385827
0.100184679,0.002081394,72.83464567
0.133737564,0.003224611,79.13385827
0.090089798,0.001798153,70.47244094
0.140739441,0.003158092,77.55905512
0.098974466,0.00298667,73.62204724
0.106264591,0.003056049,77.95275591
0.066248178,0.001522064,70.07874016
0.111344814,0.003106356,77.95275591
0.095071077,0.002700806,74.80314961
0.103987694,0.003029823,78.34645669
0.0754776,0.001767397,69.68503937
0.113536358,0.00307703,79.13385827
0.121932507,0.002903461,74.80314961
0.130078554,0.003195524,77.55905512
0.085461855,0.00161624,72.04724409
0.121861696,0.002426863,78.34645669
0.118764162,0.002706289,74.80314961
0.130882025,0.003043175,78.74015748
0.092926025,0.001755953,71.25984252
0.149530649,0.003111839,78.34645669
0.091989994,0.00242877,75.59055118
0.110441685,0.003120184,76.77165354
0.072516203,0.001754045,69.29133858
0.113782644,0.003131628,77.16535433
0.083498955,0.002081633,73.22834646
0.11088562,0.003145695,78.34645669
0.072651386,0.001742363,68.50393701
0.114108086,0.003079891,77.16535433
0.108655214,0.002347946,74.80314961
0.134658575,0.003065825,79.13385827
0.0922544,0.001842022,72.44094488
0.142943621,0.003055573,79.13385827
0.10033989,0.002084494,72.83464567
0.137488604,0.003130436,79.13385827
0.092865467,0.001873493,70.47244094
0.145781994,0.003176689,77.55905512
0.155868292,0.003431082,73.62204724
0.109926224,0.00327301,77.95275591
0.071641922,0.001719713,70.07874016
0.186570644,0.003183603,77.95275591
0.172942162,0.002784967,74.80314961
0.111009836,0.003101587,78.34645669
0.079486609,0.001821995,69.68503937
0.117279768,0.003387213,79.13385827
0.126131773,0.002926588,74.80314961
0.141973257,0.003071308,77.55905512
0.087625504,0.001591921,72.04724409
0.127962112,0.002513409,78.34645669
0.122380018,0.002722502,74.80314961
0.136921644,0.003052235,78.74015748
0.096417904,0.001724958,71.25984252
0.157115459,0.00310874,78.34645669
0.112287045,0.002963305,66.92913386
0.117825031,0.003232002,79.92125984
0.046673059,0.000627041,66.92913386
0.114847898,0.003041267,78.74015748
0.047454596,0.000653744,66.92913386
0.112808704,0.003065348,78.74015748
0.046351194,0.000637054,66.92913386
0.113149166,0.002887964,78.34645669
0.133375168,0.0026021,66.92913386
0.147395134,0.002948284,78.74015748
0.063468933,0.000801325,66.92913386
0.144072771,0.002789736,79.52755906
0.066053867,0.000834942,66.92913386
0.140467405,0.002827406,78.34645669
0.06299758,0.000758648,66.92913386
0.142595291,0.002732992,78.74015748
0.111997128,0.003005028,66.92913386
0.115189552,0.003250599,76.37795276
0.046765089,0.00063467,66.92913386
0.11639905,0.003060102,77.55905512
0.049480677,0.000709295,66.92913386
0.113652945,0.003026247,77.16535433
0.046962023,0.000656128,66.92913386
0.114537239,0.002966881,77.55905512
0.1390481,0.001826048,71.25984252
0.146025419,0.001793146,68.8976378
0.067306995,0.000730276,66.92913386
0.147980928,0.001717091,67.71653543
0.072948933,0.00079298,71.25984252
0.141207457,0.001708031,69.29133858
0.067791462,0.000760317,66.92913386
0.1451509,0.001632929,66.53543307
0.113405228,0.002962112,66.92913386
0.120012522,0.003185272,79.92125984
0.04712081,0.000622272,66.92913386
0.116293669,0.003007889,78.74015748
0.048109055,0.000654221,66.92913386
0.11476922,0.003016949,78.74015748
0.047053814,0.000612974,66.92913386
0.114476204,0.002934217,78.34645669
0.136492014,0.002555847,66.92913386
0.150704384,0.002979517,78.74015748
0.065979481,0.000790596,66.92913386
0.149389029,0.002777338,79.52755906
0.067010164,0.000794888,66.92913386
0.144095659,0.002839804,78.34645669
0.064284086,0.000755787,66.92913386
0.147964001,0.002756119,78.74015748
0.114010096,0.002979517,66.92913386
0.117970228,0.003122091,76.37795276
0.048478127,0.000669718,66.92913386
0.121833324,0.0029881,77.55905512
0.050558805,0.000736713,66.92913386
0.116869926,0.003072262,77.16535433
0.048319101,0.000625849,66.92913386
0.120230913,0.00301218,77.55905512
0.147532225,0.001817465,71.25984252
0.155236006,0.001834869,68.8976378
0.070249319,0.000712395,66.92913386
0.158440351,0.001660824,67.71653543
0.078876734,0.00080657,71.25984252
0.149100065,0.001705408,69.29133858
0.070684195,0.000754595,66.92913386
0.156505585,0.001687288,66.53543307
0.021703243,0.000656128,68.50393701
0.021802664,0.000703096,78.34645669
0.021874666,0.000612497,66.92913386
0.022078276,0.000659227,78.34645669
0.021684647,0.00062561,67.32283465
0.021645308,0.000669479,79.13385827
0.021937847,0.000622272,66.92913386
0.021885157,0.000689983,78.74015748
0.024050474,0.000641346,70.86614173
0.024142742,0.000659704,77.55905512
0.024309158,0.000614882,66.92913386
0.024582148,0.000663042,77.95275591
0.024034739,0.000633717,70.86614173
0.024209261,0.000666618,77.95275591
0.024432659,0.00065732,66.92913386
0.024622202,0.000649691,78.34645669
0.019747019,0.000683546,67.32283465
0.019662142,0.000647068,79.92125984
0.019678116,0.00062418,66.92913386
0.019919872,0.000662088,79.13385827
0.019438744,0.000632763,67.32283465
0.019852877,0.00065732,79.13385827
0.019740582,0.00061202,66.92913386
0.01976347,0.000678301,79.52755906
0.021648407,0.00063324,67.32283465
0.021656752,0.000653028,78.74015748
0.022161245,0.000597954,66.92913386
0.022358894,0.000653505,78.34645669
0.021650314,0.000624418,67.32283465
0.021933556,0.00064683,77.95275591
0.022175312,0.000619888,66.92913386
0.022312403,0.000680923,78.74015748
0.021786451,0.000634193,68.50393701
0.0219841,0.000669479,78.34645669
0.02219677,0.000622511,66.92913386
0.022557497,0.000670671,78.34645669
0.022102833,0.000640631,67.32283465
0.021939754,0.000664234,79.13385827
0.022281647,0.000638723,66.92913386
0.022575855,0.000628948,78.74015748
0.024629831,0.000653028,70.86614173
0.024681807,0.000678301,77.55905512
0.025115728,0.000625372,66.92913386
0.025629044,0.000650167,77.95275591
0.024416208,0.000646591,70.86614173
0.024437189,0.000668287,77.95275591
0.024723053,0.000616074,66.92913386
0.025117636,0.000706911,78.34645669
0.019849539,0.000646114,67.32283465
0.019928455,0.000648737,79.92125984
0.020152092,0.000602722,66.92913386
0.020297527,0.000636578,79.13385827
0.019841433,0.00058794,67.32283465
0.019863129,0.000641346,79.13385827
0.020134211,0.000607967,66.92913386
0.020258188,0.000622511,79.52755906
0.022276402,0.000654936,67.32283465
0.022541761,0.000685692,78.74015748
0.022910595,0.000618458,66.92913386
0.023232698,0.000631571,78.34645669
0.022761106,0.000621796,67.32283465
0.02273035,0.00064826,77.95275591
0.023136616,0.000587225,66.92913386
0.023612261,0.000670671,78.74015748
0.021558523,0.000604153,66.92913386
0.021889448,0.00062108,74.80314961
0.021055222,0.00050807,66.92913386
0.021954775,0.000604868,74.80314961
0.020811558,0.000487089,66.92913386
0.021723986,0.000604868,74.80314961
0.020829201,0.00055933,66.92913386
0.02217865,0.000609636,74.80314961
0.024040937,0.000514269,66.92913386
0.024316549,0.000532866,74.01574803
0.024092913,0.000512362,66.92913386
0.024587154,0.000529289,74.01574803
0.023923397,0.000494957,66.92913386
0.024297237,0.000540972,74.01574803
0.024028778,0.00053215,66.92913386
0.024599075,0.000561476,74.01574803
0.019764185,0.000594854,66.92913386
0.019787312,0.000605345,74.80314961
0.018898964,0.000476599,66.92913386
0.019981384,0.000639439,74.80314961
0.018992662,0.000473976,66.92913386
0.019704819,0.000606537,74.80314961
0.018868923,0.000475645,66.92913386
0.019957066,0.000614882,74.80314961
0.021769285,0.000492811,66.92913386
0.02208972,0.00049305,74.01574803
0.021701813,0.000486612,66.92913386
0.0222826,0.000497103,74.01574803
0.021625757,0.000489235,66.92913386
0.021914482,0.000504494,74.01574803
0.021683216,0.000501633,66.92913386
0.022388458,0.000500917,74.01574803
0.021976709,0.000606298,66.92913386
0.022103071,0.000630379,74.80314961
0.021397352,0.000526905,66.92913386
0.022381306,0.000607014,74.80314961
0.021194458,0.000515461,66.92913386
0.022148848,0.000627518,74.80314961
0.021421671,0.000519753,66.92913386
0.022334099,0.000638723,74.80314961
0.024655342,0.000530958,66.92913386
0.024657965,0.000565767,74.01574803
0.024806738,0.000535011,66.92913386
0.025220156,0.000546932,74.01574803
0.024621248,0.000518084,66.92913386
0.024748325,0.000533581,74.01574803
0.024712324,0.000524759,66.92913386
0.025225878,0.000531912,74.01574803
0.020004988,0.000604868,66.92913386
0.020171642,0.000624895,74.80314961
0.019479513,0.000487804,66.92913386
0.02037549,0.000583172,74.80314961
0.019168854,0.00048399,66.92913386
0.020168066,0.000618696,74.80314961
0.019439936,0.00049448,66.92913386
0.020572901,0.000589609,74.80314961
0.022424698,0.000528812,66.92913386
0.022895575,0.000509262,74.01574803
0.022732735,0.000488758,66.92913386
0.02340889,0.000513077,74.01574803
0.022278309,0.000486851,66.92913386
0.022613287,0.000514984,74.01574803
0.022767305,0.000487328,66.92913386
0.023209095,0.000512838,74.01574803
0.048783779,0.001477718,73.62204724
0.055559158,0.001753807,77.95275591
0.037044048,0.000979424,67.71653543
0.05744648,0.001703501,79.13385827
0.041420221,0.001125813,70.86614173
0.05567646,0.001717329,79.92125984
0.036522865,0.000952482,67.32283465
0.057292461,0.001707315,77.55905512
0.058368921,0.001407623,73.22834646
0.068696737,0.001734495,81.49606299
0.046715736,0.001002312,71.65354331
0.072220802,0.001779318,79.52755906
0.050767899,0.001142263,72.44094488
0.068812132,0.001737595,80.70866142
0.045551062,0.001016855,70.07874016
0.072272539,0.001705408,79.92125984
0.051645994,0.0016675,74.01574803
0.054149389,0.00171566,79.92125984
0.043994904,0.001211166,69.29133858
0.057786465,0.001773834,77.95275591
0.047710419,0.001392841,72.44094488
0.054578543,0.001739979,78.34645669
0.043808222,0.001157761,69.29133858
0.058723927,0.00172925,79.92125984
0.063709736,0.001616955,74.01574803
0.067668915,0.001662254,78.74015748
0.059233427,0.001294851,70.47244094
0.0769732,0.001711845,79.52755906
0.059818268,0.00135088,72.83464567
0.067746401,0.001713037,80.70866142
0.058317661,0.001198769,70.47244094
0.075978279,0.00168705,78.74015748
0.049746513,0.001516342,73.62204724
0.056385994,0.001744747,77.95275591
0.037503958,0.000989914,67.71653543
0.059067249,0.001756907,79.13385827
0.042012453,0.001176834,70.86614173
0.057055712,0.001754284,79.92125984
0.036870956,0.000937939,67.32283465
0.058875084,0.001733541,77.55905512
0.059434891,0.001441956,73.22834646
0.070287943,0.001739502,81.49606299
0.047883511,0.001032829,71.65354331
0.07453084,0.001719952,79.52755906
0.051115751,0.001134157,72.44094488
0.0710392,0.001742363,80.70866142
0.046871901,0.000993013,70.07874016
0.075063467,0.001713991,79.92125984
0.053164244,0.00165081,74.01574803
0.055727243,0.001753807,79.92125984
0.04586482,0.001214504,69.29133858
0.060443878,0.00178051,77.95275591
0.049245596,0.001412153,72.44094488
0.056909084,0.001731634,78.34645669
0.045654297,0.001172543,69.29133858
0.060845137,0.001734734,79.92125984
0.066498756,0.0016644,74.01574803
0.070992708,0.001695871,78.74015748
0.061065674,0.001233816,70.47244094
0.08129096,0.001690626,79.52755906
0.062101126,0.00137043,72.83464567
0.071668386,0.00168395,80.70866142
0.061065197,0.001261234,70.47244094
0.080804825,0.001703262,78.74015748
0.056991577,0.001694441,66.92913386
0.059646845,0.001747847,79.52755906
0.023922682,0.000482798,66.92913386
0.058077812,0.001694441,78.34645669
0.024630308,0.000478268,66.92913386
0.057509422,0.001685381,78.74015748
0.023993969,0.000450611,66.92913386
0.05715704,0.001641035,78.74015748
0.067362547,0.001475573,66.92913386
0.073555231,0.001676083,78.34645669
0.032194853,0.00056982,66.92913386
0.072707891,0.001534939,79.13385827
0.033853769,0.000525951,66.92913386
0.071460724,0.00160408,78.74015748
0.031892776,0.000562191,66.92913386
0.072691917,0.001514196,79.13385827
0.056778193,0.001635075,66.92913386
0.058638334,0.001723528,76.77165354
0.023941517,0.000463009,66.92913386
0.05869174,0.001662493,76.77165354
0.024024487,0.000458241,66.92913386
0.058064222,0.001696825,77.55905512
0.024367571,0.000496626,66.92913386
0.058526754,0.001747608,77.16535433
0.070558548,0.001083612,71.25984252
0.073725462,0.001048088,68.8976378
0.034362555,0.00050211,66.92913386
0.074352503,0.001015663,67.71653543
0.034967422,0.000507355,71.25984252
0.071007013,0.001045704,69.29133858
0.034260273,0.000564337,66.92913386
0.07300806,0.000993729,66.53543307
0.057449579,0.00165844,66.92913386
0.060074568,0.001746893,79.52755906
0.024411678,0.000458479,66.92913386
0.059819221,0.001661301,78.34645669
0.024729967,0.00051856,66.92913386
0.058570147,0.001717091,78.74015748
0.024199009,0.00046134,66.92913386
0.058780193,0.001654625,78.74015748
0.068946838,0.001444578,66.92913386
0.076340675,0.001657248,78.34645669
0.033627033,0.000514984,66.92913386
0.076189995,0.001535892,79.13385827
0.034788609,0.000562668,66.92913386
0.073732615,0.001624346,78.74015748
0.033254623,0.000531435,66.92913386
0.07589817,0.001545191,79.13385827
0.058265924,0.001721144,66.92913386
0.060450554,0.001744509,76.77165354
0.024785757,0.000466824,66.92913386
0.061272144,0.001655579,76.77165354
0.024753094,0.000494003,66.92913386
0.059169054,0.001667976,77.55905512
0.024795294,0.000454664,66.92913386
0.060678005,0.001676559,77.16535433
0.074347973,0.001106739,71.25984252
0.07834816,0.001104355,68.8976378
0.036362648,0.000551462,66.92913386
0.080594063,0.001060486,67.71653543
0.036679745,0.00054431,71.25984252
0.075387478,0.001049042,69.29133858
0.036197424,0.000519753,66.92913386
0.078866243,0.000990152,66.53543307
0.023359299,0.000523806,66.92913386
0.026128054,0.000939369,77.95275591
0.023138762,0.000426769,66.92913386
0.026542664,0.00094223,77.95275591
0.023160458,0.000499964,66.92913386
0.02623415,0.000967026,77.95275591
0.022916317,0.000426531,66.92913386
0.026434898,0.000952005,78.34645669
0.027165413,0.000487328,66.92913386
0.031039238,0.000950336,78.34645669
0.026951075,0.000469208,66.92913386
0.031901598,0.000977516,77.95275591
0.027462721,0.000487328,66.92913386
0.030968904,0.000941038,77.95275591
0.027454615,0.000478268,66.92913386
0.031961441,0.000957251,77.95275591
0.019806147,0.000528336,66.92913386
0.022808313,0.000938177,77.95275591
0.019959211,0.000515938,66.92913386
0.023394585,0.000968218,78.34645669
0.019785166,0.000498533,66.92913386
0.02220726,0.000978947,77.95275591
0.019822836,0.000535965,66.92913386
0.022509813,0.000962257,78.34645669
0.022526264,0.000530005,66.92913386
0.025969267,0.000967264,77.95275591
0.022424698,0.000555038,66.92913386
0.026957273,0.000985622,78.74015748
0.022742987,0.000536442,66.92913386
0.026930332,0.00093174,78.34645669
0.022748709,0.000540733,66.92913386
0.027122259,0.000949383,78.34645669
0.023373365,0.000475645,66.92913386
0.027210236,0.000913382,77.95275591
0.023147821,0.000503302,66.92913386
0.026881695,0.000941038,77.95275591
0.023117542,0.000480652,66.92913386
0.026628494,0.00091815,77.95275591
0.02294755,0.000426292,66.92913386
0.026841164,0.000927687,78.34645669
0.027197599,0.00045085,66.92913386
0.031376123,0.000947952,78.34645669
0.02758503,0.000413418,66.92913386
0.032418728,0.000910997,77.95275591
0.027109861,0.000494003,66.92913386
0.032652855,0.000911474,77.95275591
0.027121782,0.000458956,66.92913386
0.032203913,0.000971317,77.95275591
0.019843817,0.000479221,66.92913386
0.023470879,0.000898123,77.95275591
0.020201445,0.000513315,66.92913386
0.02375102,0.000943899,78.34645669
0.019752502,0.000459194,66.92913386
0.022844553,0.000963449,77.95275591
0.020094395,0.000497818,66.92913386
0.023221493,0.000904322,78.34645669
0.022972822,0.000481844,66.92913386
0.027081251,0.000898361,77.95275591
0.022916794,0.000548124,66.92913386
0.028896093,0.000962973,78.74015748
0.022800922,0.000547171,66.92913386
0.027369738,0.000932455,78.34645669
0.02278924,0.00051856,66.92913386
0.028313398,0.000953436,78.34645669
0.026619196,0.000848293,66.92913386
0.026088238,0.000849485,75.19685039
0.02351284,0.000402451,66.92913386
0.02700305,0.000855684,74.80314961
0.023808241,0.000482798,66.92913386
0.026313066,0.000881433,74.80314961
0.023646355,0.00043416,66.92913386
0.026167154,0.000858068,74.80314961
0.031206369,0.000675917,66.92913386
0.031404257,0.000725269,74.01574803
0.02791214,0.000472307,66.92913386
0.031263113,0.000718594,74.01574803
0.028512478,0.000530005,66.92913386
0.03094697,0.000744104,74.01574803
0.028138876,0.000438929,66.92913386
0.031423092,0.000724792,74.01574803
0.021875381,0.000815153,66.92913386
0.022170782,0.000812054,74.80314961
0.020912647,0.000598907,66.92913386
0.022358656,0.00082469,74.80314961
0.020823956,0.000614643,66.92913386
0.022122383,0.0008111,74.80314961
0.021042824,0.000586987,66.92913386
0.022987604,0.000782728,74.80314961
0.025418043,0.000633717,66.92913386
0.02585578,0.000601053,74.01574803
0.025387287,0.000612497,66.92913386
0.026712418,0.000612974,74.01574803
0.025975943,0.000679493,66.92913386
0.026309729,0.000663042,74.01574803
0.025541544,0.00067687,66.92913386
0.026890516,0.000634193,74.01574803
0.026401043,0.000854254,66.92913386
0.02692771,0.00086689,75.19685039
0.024208307,0.000473261,66.92913386
0.027457237,0.000897646,74.80314961
0.023786545,0.000510931,66.92913386
0.027398586,0.000890255,74.80314961
0.024017811,0.000443459,66.92913386
0.027575254,0.000822544,74.80314961
0.032518625,0.000681877,66.92913386
0.031597376,0.000723839,74.01574803
0.028539181,0.000433207,66.92913386
0.032737255,0.000760317,74.01574803
0.029280663,0.000500679,66.92913386
0.032353401,0.000712156,74.01574803
0.029032707,0.000463009,66.92913386
0.032462358,0.000719309,74.01574803
0.022805691,0.000790596,66.92913386
0.023344278,0.0008564,74.80314961
0.022102833,0.000623703,66.92913386
0.024078846,0.00090456,74.80314961
0.02138567,0.000649214,66.92913386
0.023427725,0.000906706,74.80314961
0.021835804,0.000664711,66.92913386
0.023255348,0.000916958,74.80314961
0.026789904,0.000673532,66.92913386
0.0271101,0.000662088,74.01574803
0.026712656,0.000631094,66.92913386
0.027860641,0.00062108,74.01574803
0.026076794,0.000632048,66.92913386
0.027114868,0.000590801,74.01574803
0.027508497,0.000673771,66.92913386
0.028440952,0.000603914,74.01574803
0.023703098,0.000446081,66.92913386
0.039923191,0.001654863,78.74015748
0.022990227,0.000427961,66.92913386
0.039767742,0.001623869,78.74015748
0.023504734,0.000426769,66.92913386
0.040099621,0.001651049,78.74015748
0.022990942,0.00041914,66.92913386
0.040491104,0.001652956,78.34645669
0.0286057,0.000465631,66.92913386
0.052508593,0.001657486,78.34645669
0.027382374,0.000455856,66.92913386
0.052997112,0.001653433,78.34645669
0.027852058,0.000435829,66.92913386
0.052545071,0.001692772,77.55905512
0.02739048,0.000456333,66.92913386
0.053296328,0.001706839,79.13385827
0.021841049,0.000603437,66.92913386
0.049377441,0.002337456,79.13385827
0.020780802,0.000543118,66.92913386
0.050327539,0.0023067,78.74015748
0.020714045,0.000552893,66.92913386
0.049343109,0.00235033,79.13385827
0.020498991,0.000496149,66.92913386
0.051253796,0.002251148,78.74015748
0.026645899,0.00058341,66.92913386
0.070322275,0.002354145,79.13385827
0.024266005,0.000495434,66.92913386
0.073332548,0.00228405,79.52755906
0.024257421,0.000487804,66.92913386
0.069408894,0.002316475,79.13385827
0.024344206,0.000484943,66.92913386
0.071719885,0.002261639,78.74015748
0.023830414,0.000480413,66.92913386
0.041181087,0.001684666,78.74015748
0.023160934,0.000435591,66.92913386
0.041220903,0.001652479,78.74015748
0.023537397,0.000523806,66.92913386
0.04037714,0.001708031,78.74015748
0.022911072,0.000469208,66.92913386
0.040548801,0.001664639,78.34645669
0.028904915,0.000511408,66.92913386
0.053536415,0.00166893,78.34645669
0.027640104,0.000481606,66.92913386
0.054463863,0.001649141,78.34645669
0.02833724,0.00049305,66.92913386
0.052736759,0.001651287,77.55905512
0.027444124,0.000406742,66.92913386
0.05441618,0.001672029,79.13385827
0.02244401,0.000520706,66.92913386
0.050676823,0.002317905,79.13385827
0.020514488,0.000476122,66.92913386
0.052346706,0.002285004,78.74015748
0.021288633,0.000463247,66.92913386
0.051107883,0.002362013,79.13385827
0.020563364,0.00045085,66.92913386
0.051726818,0.002298832,78.74015748
0.027459145,0.000629663,66.92913386
0.073180437,0.00233078,79.13385827
0.02476263,0.000498056,66.92913386
0.075936079,0.002372265,79.52755906
0.024662733,0.000477076,66.92913386
0.072314501,0.002296209,79.13385827
0.024826288,0.0004673,66.92913386
0.073838711,0.002242804,78.74015748
0.040798664,0.001434803,66.92913386
0.048290968,0.00194478,77.16535433
0.023478508,0.000408888,66.92913386
0.04714632,0.001881838,76.77165354
0.024103642,0.000454426,66.92913386
0.047112226,0.001939058,77.16535433
0.02357626,0.000420809,66.92913386
0.046330452,0.001791,77.16535433
0.055287361,0.001217842,66.92913386
0.066866159,0.001727104,76.37795276
0.028718233,0.000469446,66.92913386
0.063633204,0.001641512,76.37795276
0.030292511,0.000517368,66.92913386
0.064919472,0.001720428,76.37795276
0.028152466,0.000391245,66.92913386
0.061526775,0.001523256,76.37795276
0.050896406,0.002127409,66.92913386
0.055893421,0.002488613,77.16535433
0.023995161,0.000639439,66.92913386
0.054850817,0.002325535,77.55905512
0.023945093,0.000657558,66.92913386
0.055265665,0.002508879,77.55905512
0.023673534,0.000634193,66.92913386
0.0543046,0.002285004,77.55905512
0.075355291,0.00129199,66.92913386
0.081420183,0.001317024,77.16535433
0.035641432,0.000644922,66.92913386
0.081084728,0.001215458,77.95275591
0.035159588,0.000683784,66.92913386
0.081080198,0.001226425,77.95275591
0.03585577,0.000664473,66.92913386
0.07952714,0.00117135,77.95275591
0.041265965,0.001503468,66.92913386
0.049009085,0.001977921,77.16535433
0.023900509,0.000408649,66.92913386
0.04747653,0.001944542,76.77165354
0.024754524,0.000463486,66.92913386
0.047198534,0.002015114,77.16535433
0.023776531,0.000455141,66.92913386
0.046016216,0.001828194,77.16535433
0.056683779,0.001225471,66.92913386
0.066758394,0.001676798,76.37795276
0.029632568,0.000457764,66.92913386
0.066557407,0.001640558,76.37795276
0.030498266,0.000542641,66.92913386
0.065469742,0.00163722,76.37795276
0.029319048,0.00043726,66.92913386
0.062323809,0.001534462,76.37795276
0.051616669,0.002093554,66.92913386
0.058405876,0.002597809,77.16535433
0.024896383,0.000568867,66.92913386
0.057453632,0.002343178,77.55905512
0.024865866,0.000563145,66.92913386
0.057097673,0.002474308,77.55905512
0.025038242,0.000645876,66.92913386
0.056879997,0.002277851,77.55905512
0.077382565,0.00125289,66.92913386
0.084724665,0.001336575,77.16535433
0.03747797,0.000650644,66.92913386
0.086125135,0.001250982,77.95275591
0.03800559,0.000727177,66.92913386
0.084477186,0.001226902,77.95275591
0.03827405,0.000650644,66.92913386
0.084079504,0.001191139,77.95275591
0.012583971,0.000375032,66.92913386
0.013744116,0.000550032,78.74015748
0.012154102,0.000305414,66.92913386
0.013669252,0.000577927,78.74015748
0.012068272,0.000372648,66.92913386
0.013725519,0.000537634,78.74015748
0.011931896,0.000326633,66.92913386
0.014148712,0.000546932,79.13385827
0.014323235,0.000373602,66.92913386
0.016258955,0.000592232,76.77165354
0.014405727,0.000364304,66.92913386
0.016472816,0.000589848,77.16535433
0.01453948,0.000413895,66.92913386
0.016213894,0.000584602,77.16535433
0.014190197,0.000351906,66.92913386
0.016478777,0.000629425,77.16535433
0.010974884,0.000492811,66.92913386
0.011925936,0.000596046,79.52755906
0.010529757,0.000402212,66.92913386
0.011713505,0.00057888,79.92125984
0.010651112,0.000425339,66.92913386
0.011515856,0.000591755,79.13385827
0.010746241,0.000412941,66.92913386
0.011654854,0.000606775,79.52755906
0.012079477,0.000403166,66.92913386
0.013696671,0.0006001,79.13385827
0.012346506,0.000445604,66.92913386
0.014284849,0.000598192,78.74015748
0.01211524,0.000374794,66.92913386
0.013688803,0.000522614,79.52755906
0.012164116,0.000436544,66.92913386
0.013959169,0.000608444,79.52755906
0.012435198,0.000378847,66.92913386
0.013773918,0.000557661,78.74015748
0.012120962,0.000309944,66.92913386
0.014229774,0.00054431,78.74015748
0.012211561,0.000305891,66.92913386
0.013946533,0.000520468,78.74015748
0.01202774,0.000316381,66.92913386
0.013886929,0.000541925,79.13385827
0.014363766,0.000374317,66.92913386
0.016158104,0.000558376,76.77165354
0.014609814,0.000324249,66.92913386
0.017095804,0.000540257,77.16535433
0.014470339,0.000324726,66.92913386
0.016165257,0.000525951,77.16535433
0.0140872,0.000291109,66.92913386
0.016871929,0.000528574,77.16535433
0.010596514,0.00037241,66.92913386
0.011893511,0.000514269,79.52755906
0.01063323,0.000345945,66.92913386
0.012181759,0.00053668,79.92125984
0.010569334,0.00038147,66.92913386
0.011807203,0.000552177,79.13385827
0.01072669,0.000350714,66.92913386
0.011977434,0.000531197,79.52755906
0.012427807,0.00040102,66.92913386
0.01399374,0.000551462,79.13385827
0.012261391,0.00035882,66.92913386
0.014961481,0.000535011,78.74015748
0.012269497,0.000355959,66.92913386
0.014685631,0.000537872,79.52755906
0.012554407,0.00039196,66.92913386
0.014780998,0.000537157,79.52755906
0.013549805,0.000461578,66.92913386
0.013974905,0.000473022,74.80314961
0.012274265,0.000328064,66.92913386
0.013601065,0.00048089,74.80314961
0.012238264,0.00033617,66.92913386
0.013514519,0.000508785,74.80314961
0.012363911,0.000286102,66.92913386
0.013598442,0.000475407,74.80314961
0.016535282,0.000433683,66.92913386
0.01619792,0.000448227,74.01574803
0.014877081,0.000311852,66.92913386
0.016104937,0.000439167,74.01574803
0.014846325,0.000350714,66.92913386
0.016124725,0.00046587,74.01574803
0.01482892,0.000292778,66.92913386
0.016308546,0.000470161,74.01574803
0.011646271,0.000489235,66.92913386
0.011568785,0.000555515,74.80314961
0.01109457,0.000376463,66.92913386
0.012255192,0.000466824,74.80314961
0.0114398,0.000365734,66.92913386
0.011583328,0.000466347,74.80314961
0.011047363,0.000411749,66.92913386
0.011987209,0.000532389,74.80314961
0.013542652,0.00041604,66.92913386
0.013415337,0.000383139,74.01574803
0.013145447,0.000424862,66.92913386
0.013738155,0.000422716,74.01574803
0.013263464,0.000392675,66.92913386
0.013747692,0.000414371,74.01574803
0.013804197,0.000404596,66.92913386
0.013714314,0.000397682,74.01574803
0.013895988,0.000495672,66.92913386
0.013795614,0.00048995,74.80314961
0.012478828,0.000323057,66.92913386
0.014302015,0.0005126,74.80314961
0.012678385,0.000317097,66.92913386
0.013739824,0.000509024,74.80314961
0.012385845,0.000290871,66.92913386
0.014364958,0.000495911,74.80314961
0.016065121,0.000408411,66.92913386
0.016248941,0.000431061,74.01574803
0.014776468,0.000312328,66.92913386
0.016701221,0.000443935,74.01574803
0.015466928,0.000428915,66.92913386
0.016614914,0.000457048,74.01574803
0.015071869,0.000320196,66.92913386
0.016771078,0.00041914,74.01574803
0.011771679,0.000479221,66.92913386
0.012314796,0.000490189,74.80314961
0.011474133,0.000365496,66.92913386
0.012166023,0.000465155,74.80314961
0.01122117,0.000371218,66.92913386
0.012041569,0.00050211,74.80314961
0.011705637,0.000386,66.92913386
0.012233734,0.000489473,74.80314961
0.013992071,0.000468731,66.92913386
0.01441884,0.000464439,74.01574803
0.014111042,0.000426292,66.92913386
0.014667988,0.00040555,74.01574803
0.013709545,0.000397682,66.92913386
0.014243126,0.000382662,74.01574803
0.014611721,0.00037241,66.92913386
0.014894724,0.000362158,74.01574803
0.013275623,0.000370026,66.92913386
0.021923304,0.000933886,79.13385827
0.012319326,0.000299215,66.92913386
0.021896601,0.000928402,78.74015748
0.0125916,0.000322342,66.92913386
0.021307707,0.000910044,79.52755906
0.012081861,0.000300646,66.92913386
0.021308899,0.000960827,78.34645669
0.015835762,0.000390053,66.92913386
0.027631998,0.000914335,79.13385827
0.014479399,0.000315189,66.92913386
0.028012276,0.00091362,77.95275591
0.014863491,0.000333548,66.92913386
0.028116226,0.000967503,77.95275591
0.014246702,0.000343323,66.92913386
0.028217316,0.000942469,78.34645669
0.012917757,0.000442266,66.92913386
0.026223898,0.001291513,79.92125984
0.011389494,0.000351667,66.92913386
0.026941776,0.00124073,79.13385827
0.011991024,0.000409126,66.92913386
0.026703119,0.001364708,79.92125984
0.011558771,0.000365019,66.92913386
0.026985168,0.001328707,79.52755906
0.016565323,0.000451088,66.92913386
0.037233114,0.00134325,79.13385827
0.014077187,0.000399113,66.92913386
0.038394928,0.00131464,80.70866142
0.013919353,0.000382423,66.92913386
0.036435366,0.001320362,80.31496063
0.014239073,0.000396967,66.92913386
0.038409472,0.001339197,79.52755906
0.013232708,0.000398874,66.92913386
0.022170544,0.000941753,79.13385827
0.012313128,0.000323057,66.92913386
0.02252984,0.000941992,78.74015748
0.012706518,0.000326872,66.92913386
0.021909237,0.00093627,79.52755906
0.012392044,0.000302076,66.92913386
0.021628857,0.00092268,78.34645669
0.016066313,0.000389814,66.92913386
0.028146505,0.000966311,79.13385827
0.014416218,0.00036025,66.92913386
0.029112816,0.000937223,77.95275591
0.015424967,0.000357151,66.92913386
0.027865171,0.00095582,77.95275591
0.014433384,0.000365496,66.92913386
0.028683424,0.000973701,78.34645669
0.013135195,0.000468493,66.92913386
0.027013779,0.001311779,79.92125984
0.011380911,0.000376463,66.92913386
0.027692318,0.001272917,79.13385827
0.011924982,0.000374556,66.92913386
0.027196884,0.00134325,79.92125984
0.011449575,0.000405788,66.92913386
0.027592421,0.001322031,79.52755906
0.016769886,0.000460863,66.92913386
0.038160324,0.001331329,79.13385827
0.014442921,0.000426054,66.92913386
0.039741516,0.001311779,80.70866142
0.014128208,0.000368118,66.92913386
0.037780046,0.001309633,80.31496063
0.014567852,0.000384808,66.92913386
0.039653778,0.001293421,79.52755906
0.021015406,0.000793934,66.92913386
0.024746656,0.001025915,77.55905512
0.012440205,0.000314474,66.92913386
0.02375865,0.001032591,77.55905512
0.012723684,0.000314713,66.92913386
0.023700714,0.001030207,77.55905512
0.012427092,0.000282288,66.92913386
0.022989511,0.000971317,77.16535433
0.028499365,0.000699759,66.92913386
0.033464193,0.000988007,76.37795276
0.014748812,0.00037241,66.92913386
0.032055378,0.000929117,76.37795276
0.015830517,0.000322342,66.92913386
0.032762527,0.000880957,76.37795276
0.014722824,0.000323057,66.92913386
0.030540466,0.000827312,75.98425197
0.025879622,0.001157045,66.92913386
0.029161692,0.001436472,77.55905512
0.012500286,0.000441551,66.92913386
0.028295994,0.001379251,77.55905512
0.01250577,0.000398159,66.92913386
0.028208494,0.001351595,77.55905512
0.012669325,0.000413179,66.92913386
0.02774334,0.001317263,77.55905512
0.037885427,0.000809431,66.92913386
0.040863991,0.000769377,77.95275591
0.018056393,0.000407219,66.92913386
0.041039944,0.000771523,77.95275591
0.018135309,0.000436068,66.92913386
0.0408957,0.000751972,77.95275591
0.018104076,0.000412703,66.92913386
0.040361166,0.000759602,77.95275591
0.021134853,0.000803947,66.92913386
0.024685383,0.001075983,77.55905512
0.012756109,0.000328541,66.92913386
0.024400711,0.001047134,77.55905512
0.012951612,0.000331879,66.92913386
0.024095058,0.001017094,77.55905512
0.012480259,0.000303268,66.92913386
0.023608923,0.000970602,77.16535433
0.028804064,0.000671864,66.92913386
0.034157276,0.000979662,76.37795276
0.015028715,0.00032258,66.92913386
0.033382177,0.000873327,76.37795276
0.016246557,0.000330687,66.92913386
0.032897711,0.000926256,76.37795276
0.015015125,0.000313282,66.92913386
0.031164408,0.00084281,75.98425197
0.025993586,0.001169443,66.92913386
0.029182673,0.001430035,77.55905512
0.012998104,0.000391483,66.92913386
0.029479742,0.001288652,77.55905512
0.012735367,0.000391722,66.92913386
0.029459476,0.001301289,77.55905512
0.012952089,0.000406027,66.92913386
0.028969765,0.001247644,77.55905512
0.038809061,0.000785589,66.92913386
0.043727875,0.000766754,77.95275591
0.019697905,0.000391006,66.92913386
0.044041634,0.000799417,77.95275591
0.019399405,0.000389338,66.92913386
0.042233944,0.000792742,77.95275591
0.019174576,0.000406981,66.92913386
0.042201281,0.000756502,77.95275591
0.03797102,0.00055337,66.92913386
0.042221546,0.000952005,77.95275591
0.037961721,0.000465155,66.92913386
0.042908669,0.000985384,77.95275591
0.037936926,0.000513554,66.92913386
0.04228282,0.000965118,77.95275591
0.037549257,0.000483513,66.92913386
0.04287672,0.000965834,78.34645669
0.042384863,0.00051856,66.92913386
0.047315836,0.000953913,78.34645669
0.041785479,0.000509262,66.92913386
0.047490835,0.001023531,77.95275591
0.041886091,0.000525713,66.92913386
0.046935797,0.001001358,77.95275591
0.041728973,0.000522614,66.92913386
0.047856331,0.000955105,77.95275591
0.034627199,0.000584841,66.92913386
0.038519382,0.000990629,77.95275591
0.034543753,0.000560045,66.92913386
0.038496256,0.000957251,78.34645669
0.034426451,0.000563145,66.92913386
0.037876129,0.00100255,77.95275591
0.034332991,0.000571966,66.92913386
0.038740158,0.001039982,78.34645669
0.037358522,0.000583887,66.92913386
0.04162097,0.001025915,77.95275591
0.037197113,0.000569344,66.92913386
0.043180466,0.001047611,78.74015748
0.037647247,0.000545502,66.92913386
0.042107344,0.00100255,78.34645669
0.037776947,0.000599384,66.92913386
0.043130159,0.001006365,78.34645669
0.037796974,0.000525475,66.92913386
0.042622566,0.000949621,77.95275591
0.037967205,0.000503778,66.92913386
0.042832613,0.000972271,77.95275591
0.037789583,0.000518084,66.92913386
0.042956114,0.000953436,77.95275591
0.037739515,0.000473261,66.92913386
0.042458057,0.000961304,78.34645669
0.042055845,0.000558853,66.92913386
0.047313929,0.000977278,78.34645669
0.042044163,0.000509262,66.92913386
0.048428774,0.000981092,77.95275591
0.042836189,0.000552654,66.92913386
0.04817152,0.000968456,77.95275591
0.041793108,0.000548124,66.92913386
0.048640251,0.000977755,77.95275591
0.034442663,0.000575542,66.92913386
0.038414478,0.001033306,77.95275591
0.034407139,0.000611067,66.92913386
0.039362907,0.000995636,78.34645669
0.034554005,0.00058651,66.92913386
0.038591385,0.000993013,77.95275591
0.03438139,0.000560045,66.92913386
0.039137363,0.001001596,78.34645669
0.037501812,0.000578165,66.92913386
0.0429039,0.00100255,77.95275591
0.040477276,0.000625372,66.92913386
0.044154882,0.000997066,78.74015748
0.03736043,0.000570297,66.92913386
0.042855978,0.00099802,78.34645669
0.037601233,0.000593901,66.92913386
0.043977261,0.00096035,78.34645669
0.042247534,0.000905275,66.92913386
0.042307377,0.000880241,75.19685039
0.038097143,0.000494957,66.92913386
0.042512417,0.000871658,74.80314961
0.038913012,0.000527859,66.92913386
0.04243803,0.000826359,74.80314961
0.038229227,0.000452042,66.92913386
0.04268384,0.000885963,74.80314961
0.047445774,0.000686169,66.92913386
0.047195911,0.000757694,74.01574803
0.042699575,0.000535011,66.92913386
0.047351599,0.000735521,74.01574803
0.043494225,0.000581264,66.92913386
0.047087908,0.000747442,74.01574803
0.043012142,0.000475168,66.92913386
0.047638893,0.000754118,74.01574803
0.037815571,0.00088954,66.92913386
0.038122892,0.000865936,74.80314961
0.036050081,0.000689745,66.92913386
0.03843832,0.00094223,74.80314961
0.036987305,0.000662804,66.92913386
0.038352013,0.000851154,74.80314961
0.037091017,0.000590086,66.92913386
0.038220882,0.000860214,74.80314961
0.041449308,0.000679731,66.92913386
0.042072058,0.000688314,74.01574803
0.041453362,0.000688553,66.92913386
0.042474747,0.000710487,74.01574803
0.041317463,0.00068903,66.92913386
0.042943716,0.000701427,74.01574803
0.041579485,0.000683546,66.92913386
0.042687654,0.000674486,74.01574803
0.043589354,0.000874996,66.92913386
0.043080091,0.000908375,75.19685039
0.038944483,0.000422716,66.92913386
0.043522835,0.000887394,74.80314961
0.038981915,0.000500679,66.92913386
0.043195724,0.000876904,74.80314961
0.038933992,0.000451326,66.92913386
0.043519735,0.000879288,74.80314961
0.047774315,0.00071311,66.92913386
0.048129559,0.000761747,74.01574803
0.043731689,0.000508785,66.92913386
0.048266649,0.000752926,74.01574803
0.045078278,0.000573874,66.92913386
0.047807693,0.000785828,74.01574803
0.045321226,0.0005126,66.92913386
0.048694849,0.000846148,74.01574803
0.038684845,0.000874281,66.92913386
0.039292097,0.00086689,74.80314961
0.037391663,0.000673771,66.92913386
0.040044785,0.000826597,74.80314961
0.037089825,0.000643492,66.92913386
0.039057732,0.000889301,74.80314961
0.037032843,0.000669718,66.92913386
0.039838314,0.000828028,74.80314961
0.042805672,0.000658035,66.92913386
0.043480158,0.000718832,74.01574803
0.043058157,0.000739813,66.92913386
0.044991255,0.000720739,74.01574803
0.04297328,0.000688791,66.92913386
0.044626236,0.000687599,74.01574803
0.04359293,0.000699759,66.92913386
0.044082642,0.000728607,74.01574803
0.039552927,0.000621557,66.92913386
0.067228317,0.001707077,78.74015748
0.038175821,0.000500202,66.92913386
0.067970276,0.001763821,78.74015748
0.038846254,0.000599146,66.92913386
0.067335844,0.001695395,78.74015748
0.038141966,0.00045228,66.92913386
0.068048954,0.001730919,78.34645669
0.044359446,0.000537634,66.92913386
0.078991175,0.001724482,78.34645669
0.042751551,0.00052762,66.92913386
0.080165386,0.001681089,78.34645669
0.042966366,0.000574827,66.92913386
0.079223633,0.001700163,77.55905512
0.042351484,0.000507355,66.92913386
0.079739809,0.001688004,79.13385827
0.038375139,0.000655174,66.92913386
0.086419344,0.002388477,79.13385827
0.035695791,0.00057888,66.92913386
0.087206841,0.002398252,78.74015748
0.036255121,0.000577688,66.92913386
0.086968422,0.002477407,79.13385827
0.035778284,0.000568628,66.92913386
0.08707428,0.002308846,78.74015748
0.043459892,0.000620842,66.92913386
0.10520649,0.002376318,79.13385827
0.040254354,0.000612497,66.92913386
0.108228445,0.002318144,79.52755906
0.040152073,0.000565052,66.92913386
0.10591054,0.002360344,79.13385827
0.040607452,0.000635147,66.92913386
0.106127501,0.002302647,78.74015748
0.039483547,0.000544071,66.92913386
0.067850113,0.001741171,78.74015748
0.037887812,0.000527859,66.92913386
0.067622185,0.00173831,78.74015748
0.038454294,0.000572443,66.92913386
0.06747818,0.001752138,78.74015748
0.037763119,0.000501156,66.92913386
0.067932606,0.001714945,78.34645669
0.044261694,0.000543594,66.92913386
0.080193758,0.001714706,78.34645669
0.042591572,0.000547409,66.92913386
0.080997944,0.001698256,78.34645669
0.042934895,0.000549316,66.92913386
0.079865217,0.001731873,77.55905512
0.042456388,0.000505209,66.92913386
0.08169198,0.001707792,79.13385827
0.038693905,0.000708818,66.92913386
0.088447332,0.002378941,79.13385827
0.035801888,0.000584602,66.92913386
0.089336872,0.002305031,78.74015748
0.036231279,0.000618219,66.92913386
0.088325977,0.002411127,79.13385827
0.036018372,0.000564575,66.92913386
0.089365721,0.002304554,78.74015748
0.044129848,0.000666857,66.92913386
0.108790874,0.002374887,79.13385827
0.040320635,0.000594854,66.92913386
0.110626459,0.002324343,79.52755906
0.040333271,0.000578165,66.92913386
0.106508493,0.002335787,79.13385827
0.040284395,0.000581503,66.92913386
0.108257532,0.002332687,78.74015748
0.069168091,0.002260685,66.92913386
0.080508947,0.002011538,77.16535433
0.037864685,0.000505447,66.92913386
0.078402042,0.002031803,76.77165354
0.039211035,0.00052762,66.92913386
0.07919383,0.001940966,77.16535433
0.038123131,0.000477076,66.92913386
0.076882124,0.001843691,77.16535433
0.084695101,0.001273394,66.92913386
0.098271608,0.001743317,76.37795276
0.043074846,0.000513792,66.92913386
0.095148802,0.001680136,76.37795276
0.045725584,0.000593185,66.92913386
0.095705748,0.001714468,76.37795276
0.042728186,0.000493288,66.92913386
0.090528965,0.001537323,76.37795276
0.087842703,0.002124786,66.92913386
0.098515034,0.002505541,77.16535433
0.041083097,0.000690699,66.92913386
0.095934868,0.002385616,77.55905512
0.040850401,0.000695229,66.92913386
0.096945763,0.002477169,77.55905512
0.041072845,0.000691414,66.92913386
0.094515085,0.002298355,77.55905512
0.112758398,0.001257181,66.92913386
0.122222424,0.001371145,77.16535433
0.055527449,0.000720263,66.92913386
0.122134686,0.001319647,77.95275591
0.056025982,0.000655413,66.92913386
0.121043921,0.001290798,77.95275591
0.056102991,0.00068593,66.92913386
0.117978811,0.001250982,77.95275591
0.069601536,0.001522064,66.92913386
0.082377911,0.002001047,77.16535433
0.038789034,0.000473976,66.92913386
0.080262423,0.001930952,76.77165354
0.039319754,0.000536442,66.92913386
0.080219507,0.001960039,77.16535433
0.039390564,0.000514269,66.92913386
0.077693701,0.001855135,77.16535433
0.085218668,0.001276731,66.92913386
0.100174189,0.00174737,76.37795276
0.043738365,0.000490189,66.92913386
0.097881794,0.001703739,76.37795276
0.046513081,0.000576735,66.92913386
0.097638845,0.001716614,76.37795276
0.043104649,0.000475645,66.92913386
0.092188835,0.001584053,76.37795276
0.088911533,0.002111912,66.92913386
0.099095345,0.002552748,77.16535433
0.042361498,0.000695944,66.92913386
0.09758687,0.00249958,77.55905512
0.042141676,0.000664234,66.92913386
0.099720955,0.00256896,77.55905512
0.042474508,0.000669956,66.92913386
0.096552134,0.002491474,77.55905512
0.116105556,0.00132513,66.92913386
0.127587318,0.001376629,77.16535433
0.058120728,0.00069952,66.92913386
0.125997066,0.001264811,77.95275591
0.057685375,0.000702858,66.92913386
0.123781681,0.001276731,77.95275591
0.058290005,0.000688791,66.92913386
0.122359037,0.001243591,77.95275591
0.020058632,0.000459671,66.92913386
0.021784544,0.000651121,78.74015748
0.019459486,0.000379086,66.92913386
0.022093773,0.000699759,78.74015748
0.01975131,0.000425577,66.92913386
0.021933794,0.000605106,78.74015748
0.0194695,0.000370502,66.92913386
0.02195549,0.000612736,79.13385827
0.021944046,0.000422239,66.92913386
0.02419591,0.000605583,76.77165354
0.021780491,0.000404835,66.92913386
0.024402857,0.000586271,77.16535433
0.021882057,0.000382185,66.92913386
0.024190187,0.000558853,77.16535433
0.022055626,0.000345945,66.92913386
0.024596453,0.000594139,77.16535433
0.018063307,0.000422955,66.92913386
0.019588709,0.000603676,79.52755906
0.018038988,0.000408649,66.92913386
0.020195484,0.000594139,79.92125984
0.018147945,0.000415564,66.92913386
0.019600868,0.000592947,79.13385827
0.018120289,0.000402212,66.92913386
0.019813776,0.000600338,79.52755906
0.019637585,0.000488997,66.92913386
0.021705627,0.000594378,79.13385827
0.019840479,0.000471115,66.92913386
0.022091866,0.000599384,78.74015748
0.019766092,0.000456333,66.92913386
0.021392822,0.000578165,79.52755906
0.019865513,0.000459194,66.92913386
0.021959305,0.000633478,79.52755906
0.019809246,0.000420809,66.92913386
0.022034883,0.000604153,78.74015748
0.019585133,0.000423908,66.92913386
0.022145033,0.000655413,78.74015748
0.019678354,0.000384331,66.92913386
0.022189617,0.000605583,78.74015748
0.019495249,0.000354052,66.92913386
0.022247314,0.000579834,79.13385827
0.021931171,0.000414133,66.92913386
0.024406195,0.000617027,76.77165354
0.021672487,0.000417233,66.92913386
0.02473855,0.000578165,77.16535433
0.022293806,0.000377178,66.92913386
0.02448678,0.000700474,77.16535433
0.02173233,0.000345469,66.92913386
0.024603844,0.000566959,77.16535433
0.01843667,0.000417471,66.92913386
0.019856691,0.000613213,79.52755906
0.018488884,0.000456095,66.92913386
0.020226479,0.000553608,79.92125984
0.018605471,0.000445604,66.92913386
0.019941092,0.000583172,79.13385827
0.018646955,0.000432253,66.92913386
0.020253897,0.000598907,79.52755906
0.019991159,0.000388145,66.92913386
0.022113562,0.000604868,79.13385827
0.019959211,0.000435591,66.92913386
0.022926092,0.000615597,78.74015748
0.020100594,0.000455379,66.92913386
0.023086309,0.00065589,79.52755906
0.02037406,0.000447512,66.92913386
0.022740841,0.000680923,79.52755906
0.021946669,0.000522375,66.92913386
0.021778584,0.000576258,74.80314961
0.020177126,0.000388622,66.92913386
0.02238965,0.000547647,74.80314961
0.019978046,0.000409603,66.92913386
0.02186656,0.000576735,74.80314961
0.019842863,0.000341177,66.92913386
0.022051096,0.000636101,74.80314961
0.024231434,0.000461102,66.92913386
0.024165869,0.000465393,74.01574803
0.022018194,0.000342846,66.92913386
0.024224281,0.000498056,74.01574803
0.022345066,0.000392199,66.92913386
0.024119854,0.000516415,74.01574803
0.022062302,0.000396967,66.92913386
0.024384737,0.000504494,74.01574803
0.019581795,0.000546932,66.92913386
0.019782066,0.000551462,74.80314961
0.018913746,0.000457525,66.92913386
0.019831419,0.000512362,74.80314961
0.018856525,0.000471115,66.92913386
0.01969409,0.00053525,74.80314961
0.018706799,0.00049901,66.92913386
0.019794703,0.000586033,74.80314961
0.02136445,0.000434875,66.92913386
0.02182126,0.000445843,74.01574803
0.021387577,0.000466347,66.92913386
0.022137165,0.000448942,74.01574803
0.021675825,0.000415802,66.92913386
0.021610022,0.000421524,74.01574803
0.021411419,0.000453949,66.92913386
0.0223248,0.00041461,74.01574803
0.022269011,0.00052309,66.92913386
0.022099495,0.00052762,74.80314961
0.020282984,0.000398159,66.92913386
0.022246599,0.000534296,74.80314961
0.019881487,0.000383377,66.92913386
0.022031546,0.000567198,74.80314961
0.019775391,0.000342607,66.92913386
0.021894217,0.000564814,74.80314961
0.024080276,0.000459671,66.92913386
0.024420261,0.000453711,74.01574803
0.022313833,0.0003407,66.92913386
0.024506807,0.000454903,74.01574803
0.022455215,0.000454903,66.92913386
0.024235487,0.000475407,74.01574803
0.022197723,0.000362873,66.92913386
0.024758101,0.000500917,74.01574803
0.019691944,0.000573635,66.92913386
0.01982069,0.000581026,74.80314961
0.018887997,0.000459194,66.92913386
0.019989967,0.000555754,74.80314961
0.018800497,0.000488281,66.92913386
0.019809723,0.000640631,74.80314961
0.019004107,0.000478745,66.92913386
0.020021915,0.00055027,74.80314961
0.021879196,0.000511646,66.92913386
0.022096872,0.000491381,74.01574803
0.021992683,0.000512838,66.92913386
0.022393942,0.000465155,74.01574803
0.021692038,0.000474215,66.92913386
0.022054434,0.000427246,74.01574803
0.022027969,0.000460148,66.92913386
0.022599459,0.000443697,74.01574803
0.020953178,0.000415802,66.92913386
0.03574419,0.00102067,79.13385827
0.01960969,0.00036931,66.92913386
0.035852909,0.001014709,78.74015748
0.020035028,0.000370741,66.92913386
0.035554647,0.00104022,79.52755906
0.019730091,0.000352859,66.92913386
0.035522699,0.001016855,78.34645669
0.023777962,0.00040555,66.92913386
0.041401863,0.001008749,79.13385827
0.022032022,0.000395298,66.92913386
0.04226613,0.001052856,77.95275591
0.02286768,0.000455856,66.92913386
0.041678905,0.000976563,77.95275591
0.021580458,0.000368357,66.92913386
0.042304754,0.001003265,78.34645669
0.022304058,0.000542879,66.92913386
0.045325994,0.001362324,79.92125984
0.019449711,0.000455856,66.92913386
0.046329498,0.001341105,79.13385827
0.01985383,0.00046277,66.92913386
0.045506716,0.001398087,79.92125984
0.019735336,0.000429153,66.92913386
0.046180964,0.001363754,79.52755906
0.026006699,0.00049448,66.92913386
0.054886103,0.001375437,79.13385827
0.022517204,0.000472069,66.92913386
0.056604147,0.001365662,80.70866142
0.022211552,0.000451088,66.92913386
0.0545578,0.001358271,80.31496063
0.030924797,0.000507593,66.92913386
0.056169033,0.001317739,79.52755906
0.021080017,0.000415802,66.92913386
0.03553009,0.000992775,79.13385827
0.019510746,0.000365019,66.92913386
0.036195755,0.00100112,78.74015748
0.019958735,0.000389814,66.92913386
0.035544634,0.00104928,79.52755906
0.019448757,0.000358105,66.92913386
0.035812378,0.000957012,78.34645669
0.023918152,0.000411034,66.92913386
0.041538954,0.000994921,79.13385827
0.021950483,0.00036931,66.92913386
0.042864799,0.000956774,77.95275591
0.022655249,0.000389576,66.92913386
0.041783571,0.000969648,77.95275591
0.021678448,0.000360966,66.92913386
0.042673588,0.001000881,78.34645669
0.022473097,0.000518322,66.92913386
0.046323776,0.001395226,79.92125984
0.019706964,0.000408411,66.92913386
0.047252655,0.001375198,79.13385827
0.020136118,0.000430346,66.92913386
0.046389341,0.001405716,79.92125984
0.019709349,0.00045681,66.92913386
0.046979666,0.001394033,79.52755906
0.026248693,0.000537872,66.92913386
0.056482792,0.001379013,79.13385827
0.022818327,0.000495672,66.92913386
0.058273554,0.001353025,80.70866142
0.022726059,0.000507116,66.92913386
0.055902004,0.001361609,80.31496063
0.022862434,0.000448465,66.92913386
0.057840586,0.001345396,79.52755906
0.035117626,0.00090909,66.92913386
0.041199207,0.001136065,77.55905512
0.019696712,0.00037241,66.92913386
0.040103674,0.0011127,77.55905512
0.020063639,0.000421762,66.92913386
0.040320873,0.001151562,77.55905512
0.019703388,0.000421047,66.92913386
0.038866997,0.00104785,77.16535433
0.043394566,0.000784397,66.92913386
0.050506353,0.00101161,76.37795276
0.022385597,0.000428677,66.92913386
0.048567057,0.000951052,76.37795276
0.023443699,0.000412703,66.92913386
0.048986435,0.00096941,76.37795276
0.021944523,0.000416517,66.92913386
0.045818806,0.000935078,75.98425197
0.044640303,0.001185894,66.92913386
0.049348116,0.001433372,77.55905512
0.021164656,0.000428677,66.92913386
0.048198938,0.001337767,77.55905512
0.021160126,0.000446558,66.92913386
0.048843622,0.001426458,77.55905512
0.021106005,0.000502825,66.92913386
0.047715902,0.001338243,77.55905512
0.05707407,0.00078392,66.92913386
0.062132359,0.000807762,77.95275591
0.028462648,0.000442505,66.92913386
0.061699867,0.000823498,77.95275591
0.028142691,0.000456333,66.92913386
0.060730934,0.000836849,77.95275591
0.028616428,0.000497341,66.92913386
0.05913949,0.00076437,77.95275591
0.035287142,0.000902653,66.92913386
0.041551352,0.001186371,77.55905512
0.020211935,0.000352621,66.92913386
0.040792704,0.001133442,77.55905512
0.020261526,0.000394106,66.92913386
0.041020155,0.001128674,77.55905512
0.019855499,0.000349522,66.92913386
0.039402962,0.001029253,77.16535433
0.043665409,0.000814676,66.92913386
0.05105567,0.001002312,76.37795276
0.022491693,0.000380754,66.92913386
0.049089432,0.000973463,76.37795276
0.02359271,0.000413656,66.92913386
0.049250126,0.000975609,76.37795276
0.022266626,0.000378847,66.92913386
0.046829939,0.000891685,75.98425197
0.045683622,0.00118351,66.92913386
0.05039382,0.001434088,77.55905512
0.021785498,0.000468731,66.92913386
0.04927063,0.001331806,77.55905512
0.021657944,0.000427723,66.92913386
0.050255537,0.001397848,77.55905512
0.02156949,0.000436068,66.92913386
0.048845768,0.001367569,77.55905512
0.058344841,0.000823259,66.92913386
0.063444138,0.000854254,77.95275591
0.030055046,0.000484467,66.92913386
0.06410265,0.000782728,77.95275591
0.029105902,0.00046277,66.92913386
0.062350035,0.00081706,77.95275591
0.029351234,0.000468969,66.92913386
0.061459303,0.000766516,77.95275591
